"exp_rep","exp_date","acc_day","start_time","water_bath","thermometer","tube","pop","treatment","ctmax","datetime","acc_hours"
1,"2/9/2026",0,09:00:00,1,5,1,"OP","control",36.3,2026-02-09 09:00:00,0
1,"2/9/2026",0,09:00:00,1,5,2,"CP","warming",35.5,2026-02-09 09:00:00,0
1,"2/9/2026",0,09:00:00,1,5,3,"OP","warming",36.6,2026-02-09 09:00:00,0
1,"2/9/2026",0,09:00:00,1,5,4,"OP","control",36.7,2026-02-09 09:00:00,0
1,"2/9/2026",0,09:00:00,1,5,6,"OP","warming",36.8,2026-02-09 09:00:00,0
1,"2/9/2026",0,09:00:00,1,5,7,"CP","control",36.2,2026-02-09 09:00:00,0
1,"2/9/2026",0,09:00:00,1,5,8,"CP","warming",35.7,2026-02-09 09:00:00,0
1,"2/9/2026",0,09:00:00,1,5,9,"CP","control",36.4,2026-02-09 09:00:00,0
1,"2/9/2026",0,09:00:00,1,5,10,"OP","control",37,2026-02-09 09:00:00,0
1,"2/9/2026",0,09:00:00,1,5,12,"CP","control",36,2026-02-09 09:00:00,0
1,"2/10/2026",1,08:40:00,1,5,1,"CP","control",36,2026-02-10 08:40:00,23.6666666666667
1,"2/10/2026",1,08:40:00,1,5,2,"OP","control",36,2026-02-10 08:40:00,23.6666666666667
1,"2/10/2026",1,08:40:00,1,5,3,"CP","warming",36.1,2026-02-10 08:40:00,23.6666666666667
1,"2/10/2026",1,08:40:00,1,5,4,"OP","control",36.1,2026-02-10 08:40:00,23.6666666666667
1,"2/10/2026",1,08:40:00,1,5,5,"OP","warming",36.9,2026-02-10 08:40:00,23.6666666666667
1,"2/10/2026",1,08:40:00,1,5,7,"CP","warming",37.3,2026-02-10 08:40:00,23.6666666666667
1,"2/10/2026",1,08:40:00,1,5,8,"CP","control",35.8,2026-02-10 08:40:00,23.6666666666667
1,"2/10/2026",1,08:40:00,1,5,9,"CP","warming",36.3,2026-02-10 08:40:00,23.6666666666667
1,"2/10/2026",1,08:40:00,1,5,10,"OP","warming",36.8,2026-02-10 08:40:00,23.6666666666667
1,"2/10/2026",1,08:40:00,1,5,11,"OP","control",35.8,2026-02-10 08:40:00,23.6666666666667
1,"2/10/2026",1,08:40:00,1,5,12,"CP","control",35.9,2026-02-10 08:40:00,23.6666666666667
1,"2/11/2026",2,08:50:00,1,5,1,"CP","warming",36.2,2026-02-11 08:50:00,47.8333333333333
1,"2/11/2026",2,08:50:00,1,5,2,"OP","control",36.8,2026-02-11 08:50:00,47.8333333333333
1,"2/11/2026",2,08:50:00,1,5,4,"CP","control",35.9,2026-02-11 08:50:00,47.8333333333333
1,"2/11/2026",2,08:50:00,1,5,5,"OP","control",36.9,2026-02-11 08:50:00,47.8333333333333
1,"2/11/2026",2,08:50:00,1,5,6,"CP","warming",36.9,2026-02-11 08:50:00,47.8333333333333
1,"2/11/2026",2,08:50:00,1,5,7,"CP","control",36.2,2026-02-11 08:50:00,47.8333333333333
1,"2/11/2026",2,08:50:00,1,5,8,"CP","control",36.8,2026-02-11 08:50:00,47.8333333333333
1,"2/11/2026",2,08:50:00,1,5,9,"OP","warming",37.1,2026-02-11 08:50:00,47.8333333333333
1,"2/11/2026",2,08:50:00,1,5,10,"OP","control",37.1,2026-02-11 08:50:00,47.8333333333333
1,"2/11/2026",2,08:50:00,1,5,11,"OP","warming",36.9,2026-02-11 08:50:00,47.8333333333333
1,"2/11/2026",2,08:50:00,1,5,12,"CP","warming",36.5,2026-02-11 08:50:00,47.8333333333333
1,"2/12/2026",3,08:20:00,1,5,1,"CP","control",35.5,2026-02-12 08:20:00,71.3333333333333
1,"2/12/2026",3,08:20:00,1,5,2,"CP","control",35.5,2026-02-12 08:20:00,71.3333333333333
1,"2/12/2026",3,08:20:00,1,5,3,"OP","warming",36.8,2026-02-12 08:20:00,71.3333333333333
1,"2/12/2026",3,08:20:00,1,5,4,"CP","warming",35.9,2026-02-12 08:20:00,71.3333333333333
1,"2/12/2026",3,08:20:00,1,5,5,"OP","warming",37.5,2026-02-12 08:20:00,71.3333333333333
1,"2/12/2026",3,08:20:00,1,5,6,"OP","warming",36.9,2026-02-12 08:20:00,71.3333333333333
1,"2/12/2026",3,08:20:00,1,5,7,"OP","control",36.3,2026-02-12 08:20:00,71.3333333333333
1,"2/12/2026",3,08:20:00,1,5,8,"OP","control",36.3,2026-02-12 08:20:00,71.3333333333333
1,"2/12/2026",3,08:20:00,1,5,9,"CP","warming",36.6,2026-02-12 08:20:00,71.3333333333333
1,"2/12/2026",3,08:20:00,1,5,10,"OP","control",36.6,2026-02-12 08:20:00,71.3333333333333
1,"2/12/2026",3,08:20:00,1,5,12,"CP","control",35.6,2026-02-12 08:20:00,71.3333333333333
1,"2/13/2026",4,08:30:00,1,5,1,"CP","control",36.4,2026-02-13 08:30:00,95.5
1,"2/13/2026",4,08:30:00,1,5,3,"CP","warming",36.2,2026-02-13 08:30:00,95.5
1,"2/13/2026",4,08:30:00,1,5,4,"OP","warming",37.1,2026-02-13 08:30:00,95.5
1,"2/13/2026",4,08:30:00,1,5,5,"CP","control",36,2026-02-13 08:30:00,95.5
1,"2/13/2026",4,08:30:00,1,5,7,"OP","control",36.4,2026-02-13 08:30:00,95.5
1,"2/13/2026",4,08:30:00,1,5,8,"CP","warming",36.8,2026-02-13 08:30:00,95.5
1,"2/13/2026",4,08:30:00,1,5,10,"OP","warming",37.7,2026-02-13 08:30:00,95.5
1,"2/13/2026",4,08:30:00,1,5,11,"CP","warming",35.9,2026-02-13 08:30:00,95.5
1,"2/13/2026",4,08:30:00,1,5,12,"OP","warming",36.9,2026-02-13 08:30:00,95.5
1,"2/14/2026",5,14:00:00,1,5,4,"CP","warming",36.5,2026-02-14 14:00:00,125
1,"2/14/2026",5,14:00:00,1,5,6,"CP","warming",36.8,2026-02-14 14:00:00,125
1,"2/14/2026",5,14:00:00,1,5,7,"CP","warming",36.5,2026-02-14 14:00:00,125
1,"2/14/2026",5,14:00:00,1,5,9,"OP","warming",37.4,2026-02-14 14:00:00,125
1,"2/14/2026",5,14:00:00,1,5,10,"OP","warming",36.8,2026-02-14 14:00:00,125
1,"2/14/2026",5,14:00:00,1,5,11,"CP","control",35.7,2026-02-14 14:00:00,125
1,"2/14/2026",5,14:00:00,1,5,12,"OP","warming",37.7,2026-02-14 14:00:00,125
1,"2/15/2026",6,15:00:00,1,5,1,"OP","warming",36.9,2026-02-15 15:00:00,150
1,"2/15/2026",6,15:00:00,1,5,2,"OP","control",36.5,2026-02-15 15:00:00,150
1,"2/15/2026",6,15:00:00,1,5,3,"CP","control",36,2026-02-15 15:00:00,150
1,"2/15/2026",6,15:00:00,1,5,4,"CP","control",36.1,2026-02-15 15:00:00,150
1,"2/15/2026",6,15:00:00,1,5,6,"CP","warming",37.1,2026-02-15 15:00:00,150
1,"2/15/2026",6,15:00:00,1,5,7,"OP","control",36.5,2026-02-15 15:00:00,150
1,"2/15/2026",6,15:00:00,1,5,9,"CP","warming",37.5,2026-02-15 15:00:00,150
1,"2/15/2026",6,15:00:00,1,5,10,"OP","warming",36.8,2026-02-15 15:00:00,150
0.5,"2/25/2026",0,16:00:00,1,5,1,"OP","warming",36.1,2026-02-25 16:00:00,0
0.5,"2/25/2026",0,16:00:00,1,5,2,"OP","warming",36.2,2026-02-25 16:00:00,0
0.5,"2/25/2026",0,16:00:00,1,5,4,"OP","control",36.1,2026-02-25 16:00:00,0
0.5,"2/25/2026",0,16:00:00,1,5,5,"CP","control",35.2,2026-02-25 16:00:00,0
0.5,"2/25/2026",0,16:00:00,1,5,6,"OP","control",35.7,2026-02-25 16:00:00,0
0.5,"2/25/2026",0,16:00:00,1,5,8,"CP","control",35.7,2026-02-25 16:00:00,0
0.5,"2/25/2026",0,16:00:00,1,5,9,"CP","control",35.2,2026-02-25 16:00:00,0
0.5,"2/25/2026",0,16:00:00,1,5,10,"OP","warming",36,2026-02-25 16:00:00,0
0.5,"2/25/2026",0,16:00:00,1,5,12,"OP","control",36.2,2026-02-25 16:00:00,0
0.5,"2/25/2026",0,16:00:00,2,3,2,"OP","control",35.9,2026-02-25 16:00:00,0
0.5,"2/25/2026",0,16:00:00,2,3,3,"OP","warming",36.8,2026-02-25 16:00:00,0
0.5,"2/25/2026",0,16:00:00,2,3,5,"OP","control",35.9,2026-02-25 16:00:00,0
0.5,"2/25/2026",0,16:00:00,2,3,8,"CP","control",35.8,2026-02-25 16:00:00,0
0.5,"2/25/2026",0,16:00:00,2,3,9,"CP","control",35.5,2026-02-25 16:00:00,0
0.5,"2/25/2026",0,16:00:00,2,3,10,"OP","warming",35.9,2026-02-25 16:00:00,0
0.5,"2/25/2026",0,16:00:00,2,3,11,"OP","control",36.3,2026-02-25 16:00:00,0
0.5,"2/25/2026",0,16:00:00,2,3,12,"CP","control",36.1,2026-02-25 16:00:00,0
0.5,"3/5/2026",8,14:30:00,1,5,1,"CP","control",36.1,2026-03-05 14:30:00,190.5
0.5,"3/5/2026",8,14:30:00,1,5,3,"OP","control",37.2,2026-03-05 14:30:00,190.5
0.5,"3/5/2026",8,14:30:00,1,5,4,"CP","warming",36.6,2026-03-05 14:30:00,190.5
0.5,"3/5/2026",8,14:30:00,1,5,5,"OP","warming",35.9,2026-03-05 14:30:00,190.5
0.5,"3/5/2026",8,14:30:00,1,5,6,"OP","control",36.9,2026-03-05 14:30:00,190.5
0.5,"3/5/2026",8,14:30:00,1,5,7,"OP","control",36.2,2026-03-05 14:30:00,190.5
0.5,"3/5/2026",8,14:30:00,1,5,8,"CP","warming",36.8,2026-03-05 14:30:00,190.5
0.5,"3/5/2026",8,14:30:00,1,5,9,"CP","warming",37.1,2026-03-05 14:30:00,190.5
0.5,"3/5/2026",8,14:30:00,1,5,11,"CP","control",35.8,2026-03-05 14:30:00,190.5
0.5,"3/5/2026",8,14:30:00,1,5,12,"OP","warming",36.5,2026-03-05 14:30:00,190.5
0.5,"3/5/2026",8,14:30:00,2,4,1,"CP","warming",37,2026-03-05 14:30:00,190.5
0.5,"3/5/2026",8,14:30:00,2,4,2,"CP","warming",36.2,2026-03-05 14:30:00,190.5
0.5,"3/5/2026",8,14:30:00,2,4,3,"CP","control",36.2,2026-03-05 14:30:00,190.5
0.5,"3/5/2026",8,14:30:00,2,4,5,"OP","control",36.5,2026-03-05 14:30:00,190.5
0.5,"3/5/2026",8,14:30:00,2,4,6,"OP","warming",37.2,2026-03-05 14:30:00,190.5
0.5,"3/5/2026",8,14:30:00,2,4,7,"CP","control",35.9,2026-03-05 14:30:00,190.5
0.5,"3/5/2026",8,14:30:00,2,4,8,"OP","control",36.5,2026-03-05 14:30:00,190.5
0.5,"3/5/2026",8,14:30:00,2,4,9,"CP","warming",36.8,2026-03-05 14:30:00,190.5
0.5,"3/5/2026",8,14:30:00,2,4,10,"OP","warming",36.3,2026-03-05 14:30:00,190.5
0.5,"3/5/2026",8,14:30:00,2,4,11,"CP","control",36.4,2026-03-05 14:30:00,190.5
0.5,"3/5/2026",8,14:30:00,2,4,12,"OP","warming",36.9,2026-03-05 14:30:00,190.5
3,"3/30/2026",0,14:00:00,1,5,2,"CP","warming",35.3,2026-03-30 14:00:00,0
3,"3/30/2026",0,14:00:00,1,5,3,"OP","control",35.1,2026-03-30 14:00:00,0
3,"3/30/2026",0,14:00:00,1,5,4,"OP","control",36.6,2026-03-30 14:00:00,0
3,"3/30/2026",0,14:00:00,1,5,5,"OP","warming",36.8,2026-03-30 14:00:00,0
3,"3/30/2026",0,14:00:00,1,5,6,"CP","warming",35.8,2026-03-30 14:00:00,0
3,"3/30/2026",0,14:00:00,1,5,7,"OP","warming",36.8,2026-03-30 14:00:00,0
3,"3/30/2026",0,14:00:00,1,5,8,"OP","control",36.2,2026-03-30 14:00:00,0
3,"3/30/2026",0,14:00:00,1,5,9,"OP","warming",35.4,2026-03-30 14:00:00,0
3,"3/30/2026",0,14:00:00,1,5,10,"CP","control",36,2026-03-30 14:00:00,0
3,"3/30/2026",0,14:00:00,1,5,11,"CP","control",35.5,2026-03-30 14:00:00,0
3,"3/31/2026",1,12:00:00,1,5,2,"OP","warming",36.6,2026-03-31 12:00:00,22
3,"3/31/2026",1,12:00:00,1,5,3,"OP","warming",37.1,2026-03-31 12:00:00,22
3,"3/31/2026",1,12:00:00,1,5,4,"OP","control",35.9,2026-03-31 12:00:00,22
3,"3/31/2026",1,12:00:00,1,5,5,"CP","warming",36.6,2026-03-31 12:00:00,22
3,"3/31/2026",1,12:00:00,1,5,6,"OP","control",36.2,2026-03-31 12:00:00,22
3,"3/31/2026",1,12:00:00,1,5,7,"CP","warming",35.3,2026-03-31 12:00:00,22
3,"3/31/2026",1,12:00:00,1,5,8,"CP","warming",36.5,2026-03-31 12:00:00,22
3,"3/31/2026",1,12:00:00,1,5,9,"CP","control",35.8,2026-03-31 12:00:00,22
3,"3/31/2026",1,12:00:00,1,5,10,"CP","control",35.8,2026-03-31 12:00:00,22
3,"3/31/2026",1,12:00:00,1,5,11,"CP","control",36.2,2026-03-31 12:00:00,22
3,"3/31/2026",1,12:00:00,1,5,12,"OP","warming",37.4,2026-03-31 12:00:00,22
3,"4/1/2026",2,09:00:00,1,5,1,"CP","warming",35.7,2026-04-01 09:00:00,43
3,"4/1/2026",2,09:00:00,1,5,2,"CP","control",36,2026-04-01 09:00:00,43
3,"4/1/2026",2,09:00:00,1,5,3,"CP","warming",36.7,2026-04-01 09:00:00,43
3,"4/1/2026",2,09:00:00,1,5,4,"OP","warming",37,2026-04-01 09:00:00,43
3,"4/1/2026",2,09:00:00,1,5,5,"OP","control",36.9,2026-04-01 09:00:00,43
3,"4/1/2026",2,09:00:00,1,5,6,"OP","control",36.3,2026-04-01 09:00:00,43
3,"4/1/2026",2,09:00:00,1,5,7,"OP","warming",37.5,2026-04-01 09:00:00,43
3,"4/1/2026",2,09:00:00,1,5,8,"OP","warming",36.9,2026-04-01 09:00:00,43
3,"4/1/2026",2,09:00:00,1,5,9,"CP","control",35.3,2026-04-01 09:00:00,43
3,"4/1/2026",2,09:00:00,1,5,10,"CP","warming",37.1,2026-04-01 09:00:00,43
3,"4/1/2026",2,09:00:00,1,5,11,"OP","control",35.5,2026-04-01 09:00:00,43
3,"4/2/2026",3,11:00:00,1,5,1,"OP","warming",35.5,2026-04-02 11:00:00,69
3,"4/2/2026",3,11:00:00,1,5,2,"OP","control",35.6,2026-04-02 11:00:00,69
3,"4/2/2026",3,11:00:00,1,5,5,"CP","control",36.1,2026-04-02 11:00:00,69
3,"4/2/2026",3,11:00:00,1,5,6,"OP","warming",35.7,2026-04-02 11:00:00,69
3,"4/2/2026",3,11:00:00,1,5,7,"OP","control",36.1,2026-04-02 11:00:00,69
3,"4/2/2026",3,11:00:00,1,5,8,"OP","control",35.9,2026-04-02 11:00:00,69
3,"4/2/2026",3,11:00:00,1,5,9,"CP","warming",36.8,2026-04-02 11:00:00,69
3,"4/2/2026",3,11:00:00,1,5,11,"OP","warming",36.9,2026-04-02 11:00:00,69
3,"4/2/2026",3,11:00:00,1,5,12,"CP","warming",37.1,2026-04-02 11:00:00,69
3,"4/3/2026",4,09:00:00,1,5,1,"CP","control",36.1,2026-04-03 09:00:00,91
3,"4/3/2026",4,09:00:00,1,5,2,"OP","warming",37.5,2026-04-03 09:00:00,91
3,"4/3/2026",4,09:00:00,1,5,3,"OP","warming",36.5,2026-04-03 09:00:00,91
3,"4/3/2026",4,09:00:00,1,5,4,"OP","control",36,2026-04-03 09:00:00,91
3,"4/3/2026",4,09:00:00,1,5,5,"OP","warming",37.9,2026-04-03 09:00:00,91
3,"4/3/2026",4,09:00:00,1,5,6,"CP","warming",37,2026-04-03 09:00:00,91
3,"4/3/2026",4,09:00:00,1,5,8,"CP","control",36.7,2026-04-03 09:00:00,91
3,"4/3/2026",4,09:00:00,1,5,9,"CP","warming",37.4,2026-04-03 09:00:00,91
3,"4/3/2026",4,09:00:00,1,5,10,"OP","control",36.5,2026-04-03 09:00:00,91
3,"4/3/2026",4,09:00:00,1,5,11,"OP","control",36.3,2026-04-03 09:00:00,91
3,"4/3/2026",4,09:00:00,1,5,12,"CP","control",36.6,2026-04-03 09:00:00,91
3,"4/6/2026",7,09:00:00,1,5,1,"OP","control",36.6,2026-04-06 09:00:00,163
3,"4/6/2026",7,09:00:00,1,5,2,"OP","control",36.3,2026-04-06 09:00:00,163
3,"4/6/2026",7,09:00:00,1,5,3,"OP","warming",37.6,2026-04-06 09:00:00,163
3,"4/6/2026",7,09:00:00,1,5,4,"CP","warming",36.9,2026-04-06 09:00:00,163
3,"4/6/2026",7,09:00:00,1,5,5,"CP","warming",36.9,2026-04-06 09:00:00,163
3,"4/6/2026",7,09:00:00,1,5,6,"OP","warming",37.5,2026-04-06 09:00:00,163
3,"4/6/2026",7,09:00:00,1,5,7,"OP","control",36.8,2026-04-06 09:00:00,163
3,"4/6/2026",7,09:00:00,1,5,8,"CP","control",35.9,2026-04-06 09:00:00,163
3,"4/6/2026",7,09:00:00,1,5,9,"CP","warming",37.2,2026-04-06 09:00:00,163
3,"4/6/2026",7,09:00:00,1,5,10,"OP","warming",37.5,2026-04-06 09:00:00,163
3,"4/6/2026",7,09:00:00,1,5,12,"CP","control",35.8,2026-04-06 09:00:00,163
4,"6/16/2026",0,13:30:00,2,4,2,"CP","warming",35.8,2026-06-16 13:30:00,0
4,"6/16/2026",0,13:30:00,2,4,3,"OP","warming",36.3,2026-06-16 13:30:00,0
4,"6/16/2026",0,13:30:00,2,4,4,"CP","control",35.8,2026-06-16 13:30:00,0
4,"6/16/2026",0,13:30:00,2,4,5,"CP","control",35.9,2026-06-16 13:30:00,0
4,"6/16/2026",0,13:30:00,2,4,6,"CP","warming",35.3,2026-06-16 13:30:00,0
4,"6/16/2026",0,13:30:00,2,4,7,"OP","control",37,2026-06-16 13:30:00,0
4,"6/16/2026",0,13:30:00,2,4,8,"CP","warming",36.1,2026-06-16 13:30:00,0
4,"6/16/2026",0,13:30:00,2,4,9,"OP","control",36.2,2026-06-16 13:30:00,0
4,"6/16/2026",0,13:30:00,2,4,10,"CP","control",36.8,2026-06-16 13:30:00,0
4,"6/16/2026",0,13:30:00,2,4,11,"OP","warming",36.5,2026-06-16 13:30:00,0
4,"6/16/2026",0,13:30:00,2,4,12,"OP","warming",37.1,2026-06-16 13:30:00,0
4,"6/17/2026",1,10:30:00,2,4,1,"OP","warming",36.5,2026-06-17 10:30:00,21
4,"6/17/2026",1,10:30:00,2,4,2,"OP","warming",37.1,2026-06-17 10:30:00,21
4,"6/17/2026",1,10:30:00,2,4,3,"OP","control",36.6,2026-06-17 10:30:00,21
4,"6/17/2026",1,10:30:00,2,4,4,"CP","control",36.1,2026-06-17 10:30:00,21
4,"6/17/2026",1,10:30:00,2,4,5,"CP","warming",37.3,2026-06-17 10:30:00,21
4,"6/17/2026",1,10:30:00,2,4,6,"CP","control",36.4,2026-06-17 10:30:00,21
4,"6/17/2026",1,10:30:00,2,4,7,"OP","control",36.3,2026-06-17 10:30:00,21
4,"6/17/2026",1,10:30:00,2,4,8,"OP","control",36,2026-06-17 10:30:00,21
4,"6/17/2026",1,10:30:00,2,4,9,"CP","warming",36,2026-06-17 10:30:00,21
4,"6/17/2026",1,10:30:00,2,4,10,"CP","control",36.3,2026-06-17 10:30:00,21
4,"6/17/2026",1,10:30:00,2,4,11,"OP","warming",36.8,2026-06-17 10:30:00,21
4,"6/18/2026",2,10:00:00,2,4,1,"CP","warming",36.9,2026-06-18 10:00:00,44.5
4,"6/18/2026",2,10:00:00,2,4,2,"CP","warming",36.7,2026-06-18 10:00:00,44.5
4,"6/18/2026",2,10:00:00,2,4,3,"CP","warming",37.1,2026-06-18 10:00:00,44.5
4,"6/18/2026",2,10:00:00,2,4,4,"OP","warming",36.8,2026-06-18 10:00:00,44.5
4,"6/18/2026",2,10:00:00,2,4,5,"CP","control",36.9,2026-06-18 10:00:00,44.5
4,"6/18/2026",2,10:00:00,2,4,6,"OP","control",36.6,2026-06-18 10:00:00,44.5
4,"6/18/2026",2,10:00:00,2,4,7,"OP","control",37,2026-06-18 10:00:00,44.5
4,"6/18/2026",2,10:00:00,2,4,9,"CP","control",36.1,2026-06-18 10:00:00,44.5
4,"6/18/2026",2,10:00:00,2,4,10,"OP","warming",36.6,2026-06-18 10:00:00,44.5
4,"6/18/2026",2,10:00:00,2,4,11,"CP","control",36.2,2026-06-18 10:00:00,44.5
4,"6/18/2026",2,10:00:00,2,4,12,"OP","warming",37.3,2026-06-18 10:00:00,44.5
4,"6/19/2026",3,11:00:00,2,4,1,"OP","control",36.7,2026-06-19 11:00:00,69.5
4,"6/19/2026",3,11:00:00,2,4,2,"OP","warming",37.1,2026-06-19 11:00:00,69.5
4,"6/19/2026",3,11:00:00,2,4,3,"CP","control",36.5,2026-06-19 11:00:00,69.5
4,"6/19/2026",3,11:00:00,2,4,4,"CP","control",35.8,2026-06-19 11:00:00,69.5
4,"6/19/2026",3,11:00:00,2,4,5,"OP","control",36.2,2026-06-19 11:00:00,69.5
4,"6/19/2026",3,11:00:00,2,4,6,"CP","control",36.1,2026-06-19 11:00:00,69.5
4,"6/19/2026",3,11:00:00,2,4,7,"CP","warming",36.3,2026-06-19 11:00:00,69.5
4,"6/19/2026",3,11:00:00,2,4,8,"OP","warming",37.2,2026-06-19 11:00:00,69.5
4,"6/19/2026",3,11:00:00,2,4,10,"CP","warming",36.7,2026-06-19 11:00:00,69.5
4,"6/19/2026",3,11:00:00,2,4,11,"OP","control",35.9,2026-06-19 11:00:00,69.5
4,"6/19/2026",3,11:00:00,2,4,12,"CP","warming",36.4,2026-06-19 11:00:00,69.5
4,"6/20/2026",4,14:00:00,2,4,1,"OP","control",36.7,2026-06-20 14:00:00,96.5
4,"6/20/2026",4,14:00:00,2,4,2,"OP","control",36.5,2026-06-20 14:00:00,96.5
4,"6/20/2026",4,14:00:00,2,4,3,"OP","warming",36.6,2026-06-20 14:00:00,96.5
4,"6/20/2026",4,14:00:00,2,4,4,"CP","warming",35.9,2026-06-20 14:00:00,96.5
4,"6/20/2026",4,14:00:00,2,4,5,"CP","warming",36.8,2026-06-20 14:00:00,96.5
4,"6/20/2026",4,14:00:00,2,4,6,"OP","control",36.3,2026-06-20 14:00:00,96.5
4,"6/20/2026",4,14:00:00,2,4,7,"OP","warming",36.9,2026-06-20 14:00:00,96.5
4,"6/20/2026",4,14:00:00,2,4,8,"CP","control",35.8,2026-06-20 14:00:00,96.5
4,"6/20/2026",4,14:00:00,2,4,9,"CP","control",35.3,2026-06-20 14:00:00,96.5
4,"6/20/2026",4,14:00:00,2,4,10,"OP","warming",36.8,2026-06-20 14:00:00,96.5
4,"6/20/2026",4,14:00:00,2,4,11,"CP","warming",36.7,2026-06-20 14:00:00,96.5
4,"6/23/2026",7,11:30:00,2,4,1,"CP","warming",37,2026-06-23 11:30:00,166
4,"6/23/2026",7,11:30:00,2,4,3,"OP","control",36.6,2026-06-23 11:30:00,166
4,"6/23/2026",7,11:30:00,2,4,4,"OP","control",35.8,2026-06-23 11:30:00,166
4,"6/23/2026",7,11:30:00,2,4,5,"OP","warming",37.2,2026-06-23 11:30:00,166
4,"6/23/2026",7,11:30:00,2,4,6,"CP","control",36.4,2026-06-23 11:30:00,166
4,"6/23/2026",7,11:30:00,2,4,7,"OP","control",36.6,2026-06-23 11:30:00,166
4,"6/23/2026",7,11:30:00,2,4,8,"OP","warming",36.9,2026-06-23 11:30:00,166
4,"6/23/2026",7,11:30:00,2,4,9,"CP","control",36.6,2026-06-23 11:30:00,166
4,"6/23/2026",7,11:30:00,2,4,10,"OP","warming",35.4,2026-06-23 11:30:00,166
4,"6/23/2026",7,11:30:00,2,4,12,"CP","warming",36.3,2026-06-23 11:30:00,166
5,"8/18/2026",0,09:00:00,4,1,1,"OP","warming",37.2,2026-08-18 09:00:00,0
5,"8/18/2026",0,09:00:00,4,1,2,"OP","control",37.2,2026-08-18 09:00:00,0
5,"8/18/2026",0,09:00:00,4,1,3,"CP","control",35.4,2026-08-18 09:00:00,0
5,"8/18/2026",0,09:00:00,4,1,4,"CP","control",35.9,2026-08-18 09:00:00,0
5,"8/18/2026",0,09:00:00,4,1,5,"OP","warming",36.9,2026-08-18 09:00:00,0
5,"8/18/2026",0,09:00:00,4,1,7,"CP","control",36.5,2026-08-18 09:00:00,0
5,"8/18/2026",0,09:00:00,4,1,8,"OP","control",36.2,2026-08-18 09:00:00,0
5,"8/18/2026",0,09:00:00,4,1,9,"OP","control",36.8,2026-08-18 09:00:00,0
5,"8/18/2026",0,09:00:00,4,1,10,"CP","warming",36.1,2026-08-18 09:00:00,0
5,"8/18/2026",0,09:00:00,4,1,11,"CP","warming",35.3,2026-08-18 09:00:00,0
5,"8/18/2026",0,09:00:00,4,1,12,"OP","warming",36.9,2026-08-18 09:00:00,0
5,"8/19/2026",1,11:00:00,4,1,1,"CP","control",36.1,2026-08-19 11:00:00,26
5,"8/19/2026",1,11:00:00,4,1,2,"CP","control",36.2,2026-08-19 11:00:00,26
5,"8/19/2026",1,11:00:00,4,1,3,"OP","control",36.7,2026-08-19 11:00:00,26
5,"8/19/2026",1,11:00:00,4,1,4,"CP","warming",36.3,2026-08-19 11:00:00,26
5,"8/19/2026",1,11:00:00,4,1,5,"OP","control",37.1,2026-08-19 11:00:00,26
5,"8/19/2026",1,11:00:00,4,1,6,"OP","warming",36.9,2026-08-19 11:00:00,26
5,"8/19/2026",1,11:00:00,4,1,7,"CP","warming",36,2026-08-19 11:00:00,26
5,"8/19/2026",1,11:00:00,4,1,8,"CP","warming",36.2,2026-08-19 11:00:00,26
5,"8/19/2026",1,11:00:00,4,1,9,"CP","control",35.5,2026-08-19 11:00:00,26
5,"8/19/2026",1,11:00:00,4,1,10,"OP","control",37.1,2026-08-19 11:00:00,26
5,"8/19/2026",1,11:00:00,4,1,11,"OP","warming",36.8,2026-08-19 11:00:00,26
5,"8/20/2026",2,10:30:00,4,1,1,"CP","warming",36.8,2026-08-20 10:30:00,49.5
5,"8/20/2026",2,10:30:00,4,1,2,"OP","control",36.2,2026-08-20 10:30:00,49.5
5,"8/20/2026",2,10:30:00,4,1,3,"OP","warming",36.3,2026-08-20 10:30:00,49.5
5,"8/20/2026",2,10:30:00,4,1,4,"OP","control",35.2,2026-08-20 10:30:00,49.5
5,"8/20/2026",2,10:30:00,4,1,5,"CP","warming",36.9,2026-08-20 10:30:00,49.5
5,"8/20/2026",2,10:30:00,4,1,6,"CP","warming",36.6,2026-08-20 10:30:00,49.5
5,"8/20/2026",2,10:30:00,4,1,7,"OP","warming",37,2026-08-20 10:30:00,49.5
5,"8/20/2026",2,10:30:00,4,1,8,"CP","control",35.2,2026-08-20 10:30:00,49.5
5,"8/20/2026",2,10:30:00,4,1,9,"OP","control",36.7,2026-08-20 10:30:00,49.5
5,"8/20/2026",2,10:30:00,4,1,10,"CP","control",35.8,2026-08-20 10:30:00,49.5
5,"8/20/2026",2,10:30:00,4,1,12,"OP","warming",36.5,2026-08-20 10:30:00,49.5
5,"8/21/2026",3,11:00:00,4,1,1,"CP","warming",35.4,2026-08-21 11:00:00,74
5,"8/21/2026",3,11:00:00,4,1,2,"OP","warming",36.9,2026-08-21 11:00:00,74
5,"8/21/2026",3,11:00:00,4,1,3,"OP","control",36.9,2026-08-21 11:00:00,74
5,"8/21/2026",3,11:00:00,4,1,4,"OP","control",36.3,2026-08-21 11:00:00,74
5,"8/21/2026",3,11:00:00,4,1,5,"CP","warming",36.3,2026-08-21 11:00:00,74
5,"8/21/2026",3,11:00:00,4,1,6,"CP","control",36.3,2026-08-21 11:00:00,74
5,"8/21/2026",3,11:00:00,4,1,7,"OP","control",37.1,2026-08-21 11:00:00,74
5,"8/21/2026",3,11:00:00,4,1,8,"CP","control",36.2,2026-08-21 11:00:00,74
5,"8/21/2026",3,11:00:00,4,1,9,"OP","warming",37.1,2026-08-21 11:00:00,74
5,"8/21/2026",3,11:00:00,4,1,11,"CP","warming",35.9,2026-08-21 11:00:00,74
5,"8/21/2026",3,11:00:00,4,1,12,"CP","control",36.1,2026-08-21 11:00:00,74
5,"8/22/2026",4,12:00:00,4,1,1,"OP","control",37.3,2026-08-22 12:00:00,99
5,"8/22/2026",4,12:00:00,4,1,2,"CP","warming",36.8,2026-08-22 12:00:00,99
5,"8/22/2026",4,12:00:00,4,1,3,"OP","control",36.3,2026-08-22 12:00:00,99
5,"8/22/2026",4,12:00:00,4,1,4,"CP","control",36.2,2026-08-22 12:00:00,99
5,"8/22/2026",4,12:00:00,4,1,5,"OP","warming",37,2026-08-22 12:00:00,99
5,"8/22/2026",4,12:00:00,4,1,6,"OP","warming",37.3,2026-08-22 12:00:00,99
5,"8/22/2026",4,12:00:00,4,1,7,"OP","warming",36.8,2026-08-22 12:00:00,99
5,"8/22/2026",4,12:00:00,4,1,8,"CP","warming",36.6,2026-08-22 12:00:00,99
5,"8/22/2026",4,12:00:00,4,1,10,"CP","control",35.3,2026-08-22 12:00:00,99
5,"8/22/2026",4,12:00:00,4,1,11,"CP","control",36.2,2026-08-22 12:00:00,99
5,"8/22/2026",4,12:00:00,4,1,12,"CP","warming",36.7,2026-08-22 12:00:00,99
5,"8/25/2026",7,10:00:00,4,1,1,"CP","warming",37.1,2026-08-25 10:00:00,169
5,"8/25/2026",7,10:00:00,4,1,2,"CP","control",36.7,2026-08-25 10:00:00,169
5,"8/25/2026",7,10:00:00,4,1,3,"OP","control",35.9,2026-08-25 10:00:00,169
5,"8/25/2026",7,10:00:00,4,1,4,"OP","control",37.1,2026-08-25 10:00:00,169
5,"8/25/2026",7,10:00:00,4,1,5,"OP","warming",37,2026-08-25 10:00:00,169
5,"8/25/2026",7,10:00:00,4,1,6,"CP","control",36.8,2026-08-25 10:00:00,169
5,"8/25/2026",7,10:00:00,4,1,7,"OP","warming",37.2,2026-08-25 10:00:00,169
5,"8/25/2026",7,10:00:00,4,1,8,"OP","warming",37.4,2026-08-25 10:00:00,169
5,"8/25/2026",7,10:00:00,4,1,9,"CP","warming",36.3,2026-08-25 10:00:00,169
5,"8/25/2026",7,10:00:00,4,1,10,"OP","control",36.9,2026-08-25 10:00:00,169
5,"8/25/2026",7,10:00:00,4,1,12,"CP","control",35.6,2026-08-25 10:00:00,169
