#,Date-Time (EST),Temperature   (°C),Button Down,Button Up,Host Connected,Started,End of File
1,02/08/2026 14:58:07,,Logged,Logged,,,
2,02/08/2026 14:58:08,,Logged,Logged,,,
3,02/08/2026 14:59:10,,Logged,Logged,,,
4,02/08/2026 14:59:20,,Logged,Logged,,,
5,02/08/2026 14:59:23,,,,Logged,,
6,02/08/2026 14:59:35,,Logged,,,,
7,02/08/2026 14:59:38,,,Logged,,,
8,02/08/2026 14:59:40,,Logged,Logged,,,
9,02/08/2026 14:59:43,,,Logged,,,
10,02/08/2026 14:59:44,24.15,,,,Logged,
11,02/08/2026 15:09:44,23.85,,,,,
12,02/08/2026 15:19:44,23.12,,,,,
13,02/08/2026 15:29:44,22.78,,,,,
14,02/08/2026 15:39:44,22.65,,,,,
15,02/08/2026 15:49:44,22.56,,,,,
16,02/08/2026 15:59:44,22.61,,,,,
17,02/08/2026 16:09:44,22.56,,,,,
18,02/08/2026 16:19:44,22.61,,,,,
19,02/08/2026 16:29:44,22.61,,,,,
20,02/08/2026 16:39:44,22.61,,,,,
21,02/08/2026 16:49:44,22.65,,,,,
22,02/08/2026 16:59:44,22.61,,,,,
23,02/08/2026 17:09:44,22.56,,,,,
24,02/08/2026 17:19:44,22.52,,,,,
25,02/08/2026 17:29:44,22.56,,,,,
26,02/08/2026 17:39:44,22.52,,,,,
27,02/08/2026 17:49:44,22.56,,,,,
28,02/08/2026 17:59:44,22.52,,,,,
29,02/08/2026 18:09:44,22.52,,,,,
30,02/08/2026 18:19:44,22.56,,,,,
31,02/08/2026 18:29:44,22.52,,,,,
32,02/08/2026 18:39:44,22.56,,,,,
33,02/08/2026 18:49:44,22.52,,,,,
34,02/08/2026 18:59:44,22.52,,,,,
35,02/08/2026 19:09:44,22.56,,,,,
36,02/08/2026 19:19:44,22.52,,,,,
37,02/08/2026 19:29:44,22.52,,,,,
38,02/08/2026 19:39:44,22.61,,,,,
39,02/08/2026 19:49:44,22.52,,,,,
40,02/08/2026 19:59:44,22.56,,,,,
41,02/08/2026 20:09:44,22.56,,,,,
42,02/08/2026 20:19:44,22.52,,,,,
43,02/08/2026 20:29:44,22.56,,,,,
44,02/08/2026 20:39:44,22.56,,,,,
45,02/08/2026 20:49:44,22.56,,,,,
46,02/08/2026 20:59:44,22.52,,,,,
47,02/08/2026 21:09:44,22.52,,,,,
48,02/08/2026 21:19:44,22.52,,,,,
49,02/08/2026 21:29:44,22.56,,,,,
50,02/08/2026 21:39:44,22.56,,,,,
51,02/08/2026 21:49:44,22.61,,,,,
52,02/08/2026 21:59:44,22.52,,,,,
53,02/08/2026 22:09:44,22.56,,,,,
54,02/08/2026 22:19:44,22.56,,,,,
55,02/08/2026 22:29:44,22.56,,,,,
56,02/08/2026 22:39:44,22.61,,,,,
57,02/08/2026 22:49:44,22.56,,,,,
58,02/08/2026 22:59:44,22.61,,,,,
59,02/08/2026 23:09:44,22.56,,,,,
60,02/08/2026 23:19:44,22.61,,,,,
61,02/08/2026 23:29:44,22.56,,,,,
62,02/08/2026 23:39:44,22.65,,,,,
63,02/08/2026 23:49:44,22.61,,,,,
64,02/08/2026 23:59:44,22.56,,,,,
65,02/09/2026 00:09:44,22.61,,,,,
66,02/09/2026 00:19:44,22.61,,,,,
67,02/09/2026 00:29:44,22.61,,,,,
68,02/09/2026 00:39:44,22.61,,,,,
69,02/09/2026 00:49:44,22.61,,,,,
70,02/09/2026 00:59:44,22.65,,,,,
71,02/09/2026 01:09:44,22.65,,,,,
72,02/09/2026 01:19:44,22.61,,,,,
73,02/09/2026 01:29:44,22.65,,,,,
74,02/09/2026 01:39:44,22.69,,,,,
75,02/09/2026 01:49:44,22.65,,,,,
76,02/09/2026 01:59:44,22.69,,,,,
77,02/09/2026 02:09:44,22.65,,,,,
78,02/09/2026 02:19:44,22.65,,,,,
79,02/09/2026 02:29:44,22.73,,,,,
80,02/09/2026 02:39:44,22.82,,,,,
81,02/09/2026 02:49:44,22.86,,,,,
82,02/09/2026 02:59:44,22.86,,,,,
83,02/09/2026 03:09:44,22.91,,,,,
84,02/09/2026 03:19:44,22.91,,,,,
85,02/09/2026 03:29:44,22.95,,,,,
86,02/09/2026 03:39:44,22.91,,,,,
87,02/09/2026 03:49:44,22.91,,,,,
88,02/09/2026 03:59:44,22.86,,,,,
89,02/09/2026 04:09:44,22.86,,,,,
90,02/09/2026 04:19:44,22.86,,,,,
91,02/09/2026 04:29:44,22.86,,,,,
92,02/09/2026 04:39:44,22.82,,,,,
93,02/09/2026 04:49:44,22.82,,,,,
94,02/09/2026 04:59:44,22.73,,,,,
95,02/09/2026 05:09:44,22.78,,,,,
96,02/09/2026 05:19:44,22.78,,,,,
97,02/09/2026 05:29:44,22.69,,,,,
98,02/09/2026 05:39:44,22.65,,,,,
99,02/09/2026 05:49:44,22.65,,,,,
100,02/09/2026 05:59:44,22.65,,,,,
101,02/09/2026 06:09:44,22.61,,,,,
102,02/09/2026 06:19:44,22.61,,,,,
103,02/09/2026 06:29:44,22.61,,,,,
104,02/09/2026 06:39:44,22.61,,,,,
105,02/09/2026 06:49:44,22.52,,,,,
106,02/09/2026 06:59:44,22.61,,,,,
107,02/09/2026 07:09:44,22.56,,,,,
108,02/09/2026 07:19:44,22.56,,,,,
109,02/09/2026 07:29:44,22.56,,,,,
110,02/09/2026 07:39:44,22.73,,,,,
111,02/09/2026 07:49:44,22.86,,,,,
112,02/09/2026 07:59:44,22.99,,,,,
113,02/09/2026 08:09:44,22.91,,,,,
114,02/09/2026 08:19:44,22.99,,,,,
115,02/09/2026 08:29:44,22.95,,,,,
116,02/09/2026 08:39:44,22.99,,,,,
117,02/09/2026 08:49:44,23.03,,,,,
118,02/09/2026 08:59:44,22.95,,,,,
119,02/09/2026 09:09:44,22.69,,,,,
120,02/09/2026 09:19:44,22.52,,,,,
121,02/09/2026 09:29:44,22.43,,,,,
122,02/09/2026 09:39:44,22.35,,,,,
123,02/09/2026 09:49:44,22.35,,,,,
124,02/09/2026 09:59:44,22.31,,,,,
125,02/09/2026 10:09:44,22.35,,,,,
126,02/09/2026 10:19:44,22.39,,,,,
127,02/09/2026 10:29:44,22.39,,,,,
128,02/09/2026 10:39:44,22.35,,,,,
129,02/09/2026 10:49:44,22.43,,,,,
130,02/09/2026 10:59:44,22.39,,,,,
131,02/09/2026 11:09:44,22.48,,,,,
132,02/09/2026 11:19:44,22.52,,,,,
133,02/09/2026 11:29:44,22.56,,,,,
134,02/09/2026 11:39:44,22.61,,,,,
135,02/09/2026 11:49:44,22.73,,,,,
136,02/09/2026 11:59:44,22.73,,,,,
137,02/09/2026 12:09:44,22.78,,,,,
138,02/09/2026 12:19:44,22.86,,,,,
139,02/09/2026 12:29:44,22.95,,,,,
140,02/09/2026 12:39:44,22.95,,,,,
141,02/09/2026 12:49:44,23.03,,,,,
142,02/09/2026 12:59:44,23.08,,,,,
143,02/09/2026 13:09:44,23.21,,,,,
144,02/09/2026 13:19:44,23.16,,,,,
145,02/09/2026 13:29:44,23.25,,,,,
146,02/09/2026 13:39:44,23.34,,,,,
147,02/09/2026 13:49:44,23.34,,,,,
148,02/09/2026 13:59:44,23.29,,,,,
149,02/09/2026 14:09:44,23.34,,,,,
150,02/09/2026 14:19:44,23.34,,,,,
151,02/09/2026 14:29:44,23.38,,,,,
152,02/09/2026 14:39:44,23.38,,,,,
153,02/09/2026 14:49:44,23.38,,,,,
154,02/09/2026 14:59:44,23.46,,,,,
155,02/09/2026 15:09:44,23.46,,,,,
156,02/09/2026 15:19:44,23.55,,,,,
157,02/09/2026 15:29:44,23.55,,,,,
158,02/09/2026 15:39:44,23.59,,,,,
159,02/09/2026 15:49:44,23.68,,,,,
160,02/09/2026 15:59:44,23.68,,,,,
161,02/09/2026 16:09:44,23.68,,,,,
162,02/09/2026 16:19:44,23.72,,,,,
163,02/09/2026 16:29:44,23.68,,,,,
164,02/09/2026 16:39:44,23.68,,,,,
165,02/09/2026 16:49:44,23.68,,,,,
166,02/09/2026 16:59:44,23.64,,,,,
167,02/09/2026 17:09:44,23.64,,,,,
168,02/09/2026 17:19:44,23.55,,,,,
169,02/09/2026 17:29:44,23.42,,,,,
170,02/09/2026 17:39:44,23.42,,,,,
171,02/09/2026 17:49:44,23.29,,,,,
172,02/09/2026 17:59:44,23.29,,,,,
173,02/09/2026 18:09:44,23.29,,,,,
174,02/09/2026 18:19:44,23.34,,,,,
175,02/09/2026 18:29:44,23.38,,,,,
176,02/09/2026 18:39:44,23.38,,,,,
177,02/09/2026 18:49:44,23.51,,,,,
178,02/09/2026 18:59:44,23.51,,,,,
179,02/09/2026 19:09:44,23.59,,,,,
180,02/09/2026 19:19:44,23.46,,,,,
181,02/09/2026 19:29:44,23.12,,,,,
182,02/09/2026 19:39:44,22.82,,,,,
183,02/09/2026 19:49:44,22.65,,,,,
184,02/09/2026 19:59:44,22.56,,,,,
185,02/09/2026 20:09:44,22.52,,,,,
186,02/09/2026 20:19:44,22.48,,,,,
187,02/09/2026 20:29:44,22.43,,,,,
188,02/09/2026 20:39:44,22.43,,,,,
189,02/09/2026 20:49:44,22.48,,,,,
190,02/09/2026 20:59:44,22.48,,,,,
191,02/09/2026 21:09:44,22.43,,,,,
192,02/09/2026 21:19:44,22.43,,,,,
193,02/09/2026 21:29:44,22.43,,,,,
194,02/09/2026 21:39:44,22.43,,,,,
195,02/09/2026 21:49:44,22.43,,,,,
196,02/09/2026 21:59:44,22.43,,,,,
197,02/09/2026 22:09:44,22.39,,,,,
198,02/09/2026 22:19:44,22.43,,,,,
199,02/09/2026 22:29:44,22.48,,,,,
200,02/09/2026 22:39:44,22.48,,,,,
201,02/09/2026 22:49:44,22.48,,,,,
202,02/09/2026 22:59:44,22.52,,,,,
203,02/09/2026 23:09:44,22.43,,,,,
204,02/09/2026 23:19:44,22.43,,,,,
205,02/09/2026 23:29:44,22.43,,,,,
206,02/09/2026 23:39:44,22.35,,,,,
207,02/09/2026 23:49:44,22.43,,,,,
208,02/09/2026 23:59:44,22.39,,,,,
209,02/10/2026 00:09:44,22.43,,,,,
210,02/10/2026 00:19:44,22.43,,,,,
211,02/10/2026 00:29:44,22.39,,,,,
212,02/10/2026 00:39:44,22.43,,,,,
213,02/10/2026 00:49:44,22.39,,,,,
214,02/10/2026 00:59:44,22.39,,,,,
215,02/10/2026 01:09:44,22.39,,,,,
216,02/10/2026 01:19:44,22.39,,,,,
217,02/10/2026 01:29:44,22.39,,,,,
218,02/10/2026 01:39:44,22.35,,,,,
219,02/10/2026 01:49:44,22.39,,,,,
220,02/10/2026 01:59:44,22.43,,,,,
221,02/10/2026 02:09:44,22.35,,,,,
222,02/10/2026 02:19:44,22.39,,,,,
223,02/10/2026 02:29:44,22.39,,,,,
224,02/10/2026 02:39:44,22.39,,,,,
225,02/10/2026 02:49:44,22.43,,,,,
226,02/10/2026 02:59:44,22.35,,,,,
227,02/10/2026 03:09:44,22.35,,,,,
228,02/10/2026 03:19:44,22.39,,,,,
229,02/10/2026 03:29:44,22.35,,,,,
230,02/10/2026 03:39:44,22.39,,,,,
231,02/10/2026 03:49:44,22.39,,,,,
232,02/10/2026 03:59:44,22.39,,,,,
233,02/10/2026 04:09:44,22.35,,,,,
234,02/10/2026 04:19:44,22.39,,,,,
235,02/10/2026 04:29:44,22.39,,,,,
236,02/10/2026 04:39:44,22.39,,,,,
237,02/10/2026 04:49:44,22.43,,,,,
238,02/10/2026 04:59:44,22.39,,,,,
239,02/10/2026 05:09:44,22.35,,,,,
240,02/10/2026 05:19:44,22.39,,,,,
241,02/10/2026 05:29:44,22.43,,,,,
242,02/10/2026 05:39:44,22.39,,,,,
243,02/10/2026 05:49:44,22.35,,,,,
244,02/10/2026 05:59:44,22.35,,,,,
245,02/10/2026 06:09:44,22.35,,,,,
246,02/10/2026 06:19:44,22.43,,,,,
247,02/10/2026 06:29:44,22.39,,,,,
248,02/10/2026 06:39:44,22.39,,,,,
249,02/10/2026 06:49:44,22.39,,,,,
250,02/10/2026 06:59:44,22.39,,,,,
251,02/10/2026 07:09:44,22.43,,,,,
252,02/10/2026 07:19:44,22.39,,,,,
253,02/10/2026 07:29:44,22.43,,,,,
254,02/10/2026 07:39:44,22.52,,,,,
255,02/10/2026 07:49:44,22.52,,,,,
256,02/10/2026 07:59:44,22.48,,,,,
257,02/10/2026 08:09:44,22.48,,,,,
258,02/10/2026 08:19:44,22.39,,,,,
259,02/10/2026 08:29:44,22.43,,,,,
260,02/10/2026 08:39:44,22.43,,,,,
261,02/10/2026 08:49:44,22.43,,,,,
262,02/10/2026 08:59:44,22.43,,,,,
263,02/10/2026 09:09:44,22.43,,,,,
264,02/10/2026 09:19:44,22.39,,,,,
265,02/10/2026 09:29:44,22.48,,,,,
266,02/10/2026 09:39:44,22.48,,,,,
267,02/10/2026 09:49:44,22.56,,,,,
268,02/10/2026 09:59:44,22.52,,,,,
269,02/10/2026 10:09:44,22.56,,,,,
270,02/10/2026 10:19:44,22.56,,,,,
271,02/10/2026 10:29:44,22.61,,,,,
272,02/10/2026 10:39:44,22.61,,,,,
273,02/10/2026 10:49:44,22.61,,,,,
274,02/10/2026 10:59:44,22.56,,,,,
275,02/10/2026 11:09:44,22.52,,,,,
276,02/10/2026 11:19:44,22.52,,,,,
277,02/10/2026 11:29:44,22.48,,,,,
278,02/10/2026 11:39:44,22.48,,,,,
279,02/10/2026 11:49:44,22.52,,,,,
280,02/10/2026 11:59:44,22.48,,,,,
281,02/10/2026 12:09:44,22.48,,,,,
282,02/10/2026 12:19:44,22.48,,,,,
283,02/10/2026 12:29:44,22.43,,,,,
284,02/10/2026 12:39:44,22.48,,,,,
285,02/10/2026 12:49:44,22.39,,,,,
286,02/10/2026 12:59:44,22.39,,,,,
287,02/10/2026 13:09:44,22.39,,,,,
288,02/10/2026 13:19:44,22.39,,,,,
289,02/10/2026 13:29:44,22.39,,,,,
290,02/10/2026 13:39:44,22.39,,,,,
291,02/10/2026 13:49:44,22.35,,,,,
292,02/10/2026 13:59:44,22.39,,,,,
293,02/10/2026 14:09:44,22.39,,,,,
294,02/10/2026 14:19:44,22.43,,,,,
295,02/10/2026 14:29:44,22.39,,,,,
296,02/10/2026 14:39:44,22.43,,,,,
297,02/10/2026 14:49:44,22.39,,,,,
298,02/10/2026 14:59:44,22.39,,,,,
299,02/10/2026 15:09:44,22.35,,,,,
300,02/10/2026 15:19:44,22.39,,,,,
301,02/10/2026 15:29:44,22.39,,,,,
302,02/10/2026 15:39:44,22.39,,,,,
303,02/10/2026 15:49:44,22.43,,,,,
304,02/10/2026 15:59:44,22.39,,,,,
305,02/10/2026 16:09:44,22.35,,,,,
306,02/10/2026 16:19:44,22.35,,,,,
307,02/10/2026 16:29:44,22.31,,,,,
308,02/10/2026 16:39:44,22.31,,,,,
309,02/10/2026 16:49:44,22.26,,,,,
310,02/10/2026 16:59:44,22.26,,,,,
311,02/10/2026 17:01:01,,,,Logged,,
312,02/10/2026 17:09:44,22.39,,,,,
313,02/10/2026 17:19:44,22.43,,,,,
314,02/10/2026 17:29:44,22.39,,,,,
315,02/10/2026 17:39:44,22.39,,,,,
316,02/10/2026 17:49:44,22.43,,,,,
317,02/10/2026 17:59:44,22.39,,,,,
318,02/10/2026 18:09:44,22.39,,,,,
319,02/10/2026 18:19:44,22.39,,,,,
320,02/10/2026 18:29:44,22.35,,,,,
321,02/10/2026 18:39:44,22.35,,,,,
322,02/10/2026 18:49:44,22.39,,,,,
323,02/10/2026 18:59:44,22.39,,,,,
324,02/10/2026 19:09:44,22.39,,,,,
325,02/10/2026 19:19:44,22.39,,,,,
326,02/10/2026 19:29:44,22.35,,,,,
327,02/10/2026 19:39:44,22.35,,,,,
328,02/10/2026 19:49:44,22.35,,,,,
329,02/10/2026 19:59:44,22.35,,,,,
330,02/10/2026 20:09:44,22.35,,,,,
331,02/10/2026 20:19:44,22.35,,,,,
332,02/10/2026 20:29:44,22.35,,,,,
333,02/10/2026 20:39:44,22.31,,,,,
334,02/10/2026 20:49:44,22.35,,,,,
335,02/10/2026 20:59:44,22.35,,,,,
336,02/10/2026 21:09:44,22.35,,,,,
337,02/10/2026 21:19:44,22.35,,,,,
338,02/10/2026 21:29:44,22.31,,,,,
339,02/10/2026 21:39:44,22.39,,,,,
340,02/10/2026 21:49:44,22.35,,,,,
341,02/10/2026 21:59:44,22.31,,,,,
342,02/10/2026 22:09:44,22.35,,,,,
343,02/10/2026 22:19:44,22.35,,,,,
344,02/10/2026 22:29:44,22.39,,,,,
345,02/10/2026 22:39:44,22.39,,,,,
346,02/10/2026 22:49:44,22.43,,,,,
347,02/10/2026 22:59:44,22.35,,,,,
348,02/10/2026 23:09:44,22.35,,,,,
349,02/10/2026 23:19:44,22.35,,,,,
350,02/10/2026 23:29:44,22.31,,,,,
351,02/10/2026 23:39:44,22.31,,,,,
352,02/10/2026 23:49:44,22.35,,,,,
353,02/10/2026 23:59:44,22.35,,,,,
354,02/11/2026 00:09:44,22.35,,,,,
355,02/11/2026 00:19:44,22.26,,,,,
356,02/11/2026 00:29:44,22.35,,,,,
357,02/11/2026 00:39:44,22.31,,,,,
358,02/11/2026 00:49:44,22.31,,,,,
359,02/11/2026 00:59:44,22.31,,,,,
360,02/11/2026 01:09:44,22.35,,,,,
361,02/11/2026 01:19:44,22.31,,,,,
362,02/11/2026 01:29:44,22.35,,,,,
363,02/11/2026 01:39:44,22.31,,,,,
364,02/11/2026 01:49:44,22.31,,,,,
365,02/11/2026 01:59:44,22.35,,,,,
366,02/11/2026 02:09:44,22.35,,,,,
367,02/11/2026 02:19:44,22.35,,,,,
368,02/11/2026 02:29:44,22.35,,,,,
369,02/11/2026 02:39:44,22.26,,,,,
370,02/11/2026 02:49:44,22.35,,,,,
371,02/11/2026 02:59:44,22.31,,,,,
372,02/11/2026 03:09:44,22.26,,,,,
373,02/11/2026 03:19:44,22.26,,,,,
374,02/11/2026 03:29:44,22.31,,,,,
375,02/11/2026 03:39:44,22.31,,,,,
376,02/11/2026 03:49:44,22.26,,,,,
377,02/11/2026 03:59:44,22.31,,,,,
378,02/11/2026 04:09:44,22.31,,,,,
379,02/11/2026 04:19:44,22.26,,,,,
380,02/11/2026 04:29:44,22.31,,,,,
381,02/11/2026 04:39:44,22.35,,,,,
382,02/11/2026 04:49:44,22.31,,,,,
383,02/11/2026 04:59:44,22.31,,,,,
384,02/11/2026 05:09:44,22.35,,,,,
385,02/11/2026 05:19:44,22.35,,,,,
386,02/11/2026 05:29:44,22.31,,,,,
387,02/11/2026 05:39:44,22.35,,,,,
388,02/11/2026 05:49:44,22.31,,,,,
389,02/11/2026 05:59:44,22.35,,,,,
390,02/11/2026 06:09:44,22.31,,,,,
391,02/11/2026 06:19:44,22.35,,,,,
392,02/11/2026 06:29:44,22.31,,,,,
393,02/11/2026 06:39:44,22.31,,,,,
394,02/11/2026 06:49:44,22.35,,,,,
395,02/11/2026 06:59:44,22.35,,,,,
396,02/11/2026 07:09:44,22.35,,,,,
397,02/11/2026 07:19:44,22.35,,,,,
398,02/11/2026 07:29:44,22.35,,,,,
399,02/11/2026 07:39:44,22.43,,,,,
400,02/11/2026 07:49:44,22.48,,,,,
401,02/11/2026 07:59:44,22.48,,,,,
402,02/11/2026 08:09:44,22.39,,,,,
403,02/11/2026 08:19:44,22.39,,,,,
404,02/11/2026 08:29:44,22.35,,,,,
405,02/11/2026 08:39:44,22.39,,,,,
406,02/11/2026 08:49:44,22.35,,,,,
407,02/11/2026 08:59:44,22.43,,,,,
408,02/11/2026 09:09:44,22.48,,,,,
409,02/11/2026 09:19:44,22.48,,,,,
410,02/11/2026 09:29:44,22.52,,,,,
411,02/11/2026 09:39:44,22.61,,,,,
412,02/11/2026 09:49:44,22.65,,,,,
413,02/11/2026 09:59:44,22.65,,,,,
414,02/11/2026 10:09:44,22.61,,,,,
415,02/11/2026 10:19:44,22.56,,,,,
416,02/11/2026 10:29:44,22.61,,,,,
417,02/11/2026 10:39:44,22.52,,,,,
418,02/11/2026 10:49:44,22.48,,,,,
419,02/11/2026 10:59:44,22.48,,,,,
420,02/11/2026 11:09:44,22.43,,,,,
421,02/11/2026 11:19:44,22.48,,,,,
422,02/11/2026 11:29:44,22.35,,,,,
423,02/11/2026 11:39:44,22.39,,,,,
424,02/11/2026 11:49:44,22.35,,,,,
425,02/11/2026 11:59:44,22.31,,,,,
426,02/11/2026 12:09:44,22.26,,,,,
427,02/11/2026 12:19:44,22.26,,,,,
428,02/11/2026 12:29:44,22.22,,,,,
429,02/11/2026 12:39:44,22.26,,,,,
430,02/11/2026 12:49:44,22.22,,,,,
431,02/11/2026 12:59:44,22.18,,,,,
432,02/11/2026 13:09:44,22.18,,,,,
433,02/11/2026 13:19:44,22.13,,,,,
434,02/11/2026 13:29:44,22.18,,,,,
435,02/11/2026 13:39:44,22.13,,,,,
436,02/11/2026 13:49:44,22.18,,,,,
437,02/11/2026 13:59:44,22.09,,,,,
438,02/11/2026 14:09:44,22.09,,,,,
439,02/11/2026 14:19:44,22.05,,,,,
440,02/11/2026 14:29:44,22.05,,,,,
441,02/11/2026 14:39:44,22.01,,,,,
442,02/11/2026 14:49:44,22.01,,,,,
443,02/11/2026 14:59:44,22.01,,,,,
444,02/11/2026 15:09:44,21.96,,,,,
445,02/11/2026 15:19:44,21.92,,,,,
446,02/11/2026 15:29:44,21.92,,,,,
447,02/11/2026 15:39:44,21.88,,,,,
448,02/11/2026 15:49:44,21.88,,,,,
449,02/11/2026 15:59:44,21.83,,,,,
450,02/11/2026 16:09:44,21.83,,,,,
451,02/11/2026 16:19:44,21.79,,,,,
452,02/11/2026 16:29:44,21.79,,,,,
453,02/11/2026 16:39:44,21.75,,,,,
454,02/11/2026 16:49:44,21.75,,,,,
455,02/11/2026 16:59:44,21.70,,,,,
456,02/11/2026 17:09:44,21.70,,,,,
457,02/11/2026 17:19:44,21.70,,,,,
458,02/11/2026 17:29:44,21.66,,,,,
459,02/11/2026 17:39:44,21.66,,,,,
460,02/11/2026 17:49:44,21.70,,,,,
461,02/11/2026 17:59:44,21.62,,,,,
462,02/11/2026 18:09:44,21.66,,,,,
463,02/11/2026 18:19:44,21.66,,,,,
464,02/11/2026 18:29:44,21.66,,,,,
465,02/11/2026 18:39:44,21.66,,,,,
466,02/11/2026 18:49:44,21.62,,,,,
467,02/11/2026 18:59:44,21.66,,,,,
468,02/11/2026 19:09:44,21.62,,,,,
469,02/11/2026 19:19:44,21.62,,,,,
470,02/11/2026 19:29:44,21.58,,,,,
471,02/11/2026 19:39:44,21.58,,,,,
472,02/11/2026 19:49:44,21.66,,,,,
473,02/11/2026 19:59:44,21.62,,,,,
474,02/11/2026 20:09:44,21.62,,,,,
475,02/11/2026 20:19:44,21.62,,,,,
476,02/11/2026 20:29:44,21.62,,,,,
477,02/11/2026 20:39:44,21.62,,,,,
478,02/11/2026 20:49:44,21.62,,,,,
479,02/11/2026 20:59:44,21.62,,,,,
480,02/11/2026 21:09:44,21.62,,,,,
481,02/11/2026 21:19:44,21.58,,,,,
482,02/11/2026 21:29:44,21.58,,,,,
483,02/11/2026 21:39:44,21.62,,,,,
484,02/11/2026 21:49:44,21.53,,,,,
485,02/11/2026 21:59:44,21.58,,,,,
486,02/11/2026 22:09:44,21.58,,,,,
487,02/11/2026 22:19:44,21.58,,,,,
488,02/11/2026 22:29:44,21.58,,,,,
489,02/11/2026 22:39:44,21.58,,,,,
490,02/11/2026 22:49:44,21.58,,,,,
491,02/11/2026 22:59:44,21.58,,,,,
492,02/11/2026 23:09:44,21.62,,,,,
493,02/11/2026 23:19:44,21.58,,,,,
494,02/11/2026 23:29:44,21.58,,,,,
495,02/11/2026 23:39:44,21.53,,,,,
496,02/11/2026 23:49:44,21.53,,,,,
497,02/11/2026 23:59:44,21.53,,,,,
498,02/12/2026 00:09:44,21.49,,,,,
499,02/12/2026 00:19:44,21.58,,,,,
500,02/12/2026 00:29:44,21.49,,,,,
501,02/12/2026 00:39:44,21.53,,,,,
502,02/12/2026 00:49:44,21.49,,,,,
503,02/12/2026 00:59:44,21.49,,,,,
504,02/12/2026 01:09:44,21.49,,,,,
505,02/12/2026 01:19:44,21.49,,,,,
506,02/12/2026 01:29:44,21.45,,,,,
507,02/12/2026 01:39:44,21.40,,,,,
508,02/12/2026 01:49:44,21.40,,,,,
509,02/12/2026 01:59:44,21.40,,,,,
510,02/12/2026 02:09:44,21.40,,,,,
511,02/12/2026 02:19:44,21.36,,,,,
512,02/12/2026 02:29:44,21.32,,,,,
513,02/12/2026 02:39:44,21.36,,,,,
514,02/12/2026 02:49:44,21.32,,,,,
515,02/12/2026 02:59:44,21.36,,,,,
516,02/12/2026 03:09:44,21.36,,,,,
517,02/12/2026 03:19:44,21.28,,,,,
518,02/12/2026 03:29:44,21.28,,,,,
519,02/12/2026 03:39:44,21.23,,,,,
520,02/12/2026 03:49:44,21.32,,,,,
521,02/12/2026 03:59:44,21.19,,,,,
522,02/12/2026 04:09:44,21.19,,,,,
523,02/12/2026 04:19:44,21.23,,,,,
524,02/12/2026 04:29:44,21.19,,,,,
525,02/12/2026 04:39:44,21.15,,,,,
526,02/12/2026 04:49:44,21.19,,,,,
527,02/12/2026 04:59:44,21.15,,,,,
528,02/12/2026 05:09:44,21.15,,,,,
529,02/12/2026 05:19:44,21.10,,,,,
530,02/12/2026 05:29:44,21.10,,,,,
531,02/12/2026 05:39:44,21.15,,,,,
532,02/12/2026 05:49:44,21.10,,,,,
533,02/12/2026 05:59:44,21.06,,,,,
534,02/12/2026 06:09:44,21.10,,,,,
535,02/12/2026 06:19:44,21.10,,,,,
536,02/12/2026 06:29:44,21.10,,,,,
537,02/12/2026 06:39:44,21.10,,,,,
538,02/12/2026 06:49:44,21.10,,,,,
539,02/12/2026 06:59:44,21.15,,,,,
540,02/12/2026 07:09:44,21.10,,,,,
541,02/12/2026 07:19:44,21.06,,,,,
542,02/12/2026 07:29:44,21.15,,,,,
543,02/12/2026 07:39:44,21.28,,,,,
544,02/12/2026 07:49:44,21.36,,,,,
545,02/12/2026 07:59:44,21.45,,,,,
546,02/12/2026 08:09:44,21.49,,,,,
547,02/12/2026 08:19:44,21.49,,,,,
548,02/12/2026 08:29:44,21.49,,,,,
549,02/12/2026 08:39:44,21.53,,,,,
550,02/12/2026 08:49:44,21.53,,,,,
551,02/12/2026 08:59:44,21.58,,,,,
552,02/12/2026 09:09:44,21.62,,,,,
553,02/12/2026 09:19:44,21.62,,,,,
554,02/12/2026 09:29:44,21.62,,,,,
555,02/12/2026 09:39:44,21.62,,,,,
556,02/12/2026 09:49:44,21.58,,,,,
557,02/12/2026 09:59:44,21.58,,,,,
558,02/12/2026 10:09:44,21.58,,,,,
559,02/12/2026 10:19:44,21.53,,,,,
560,02/12/2026 10:29:44,21.53,,,,,
561,02/12/2026 10:39:44,21.53,,,,,
562,02/12/2026 10:49:44,21.53,,,,,
563,02/12/2026 10:59:44,21.53,,,,,
564,02/12/2026 11:09:44,21.49,,,,,
565,02/12/2026 11:19:44,21.49,,,,,
566,02/12/2026 11:29:44,21.45,,,,,
567,02/12/2026 11:39:44,21.49,,,,,
568,02/12/2026 11:49:44,21.40,,,,,
569,02/12/2026 11:59:44,21.45,,,,,
570,02/12/2026 12:09:44,21.40,,,,,
571,02/12/2026 12:19:44,21.40,,,,,
572,02/12/2026 12:29:44,21.40,,,,,
573,02/12/2026 12:39:44,21.40,,,,,
574,02/12/2026 12:49:44,21.36,,,,,
575,02/12/2026 12:59:44,21.40,,,,,
576,02/12/2026 13:09:44,21.40,,,,,
577,02/12/2026 13:19:44,21.40,,,,,
578,02/12/2026 13:29:44,21.45,,,,,
579,02/12/2026 13:39:44,21.45,,,,,
580,02/12/2026 13:49:44,21.45,,,,,
581,02/12/2026 13:59:44,21.45,,,,,
582,02/12/2026 14:09:44,21.49,,,,,
583,02/12/2026 14:19:44,21.49,,,,,
584,02/12/2026 14:29:44,21.49,,,,,
585,02/12/2026 14:39:44,21.49,,,,,
586,02/12/2026 14:49:44,21.49,,,,,
587,02/12/2026 14:59:44,21.45,,,,,
588,02/12/2026 15:09:44,21.45,,,,,
589,02/12/2026 15:19:44,21.45,,,,,
590,02/12/2026 15:29:44,21.40,,,,,
591,02/12/2026 15:39:44,21.36,,,,,
592,02/12/2026 15:49:44,21.36,,,,,
593,02/12/2026 15:59:44,21.32,,,,,
594,02/12/2026 16:09:44,21.36,,,,,
595,02/12/2026 16:19:44,21.32,,,,,
596,02/12/2026 16:29:44,21.36,,,,,
597,02/12/2026 16:39:44,21.36,,,,,
598,02/12/2026 16:49:44,21.36,,,,,
599,02/12/2026 16:59:44,21.36,,,,,
600,02/12/2026 17:09:44,21.40,,,,,
601,02/12/2026 17:19:44,21.40,,,,,
602,02/12/2026 17:29:44,21.40,,,,,
603,02/12/2026 17:30:07,,,,Logged,,
604,02/12/2026 17:39:44,21.45,,,,,
605,02/12/2026 17:49:44,21.36,,,,,
606,02/12/2026 17:59:44,21.32,,,,,
607,02/12/2026 18:09:44,21.32,,,,,
608,02/12/2026 18:19:44,21.32,,,,,
609,02/12/2026 18:29:44,21.32,,,,,
610,02/12/2026 18:39:44,21.36,,,,,
611,02/12/2026 18:49:44,21.36,,,,,
612,02/12/2026 18:59:44,21.32,,,,,
613,02/12/2026 19:09:44,21.36,,,,,
614,02/12/2026 19:19:44,21.36,,,,,
615,02/12/2026 19:29:44,21.36,,,,,
616,02/12/2026 19:39:44,21.45,,,,,
617,02/12/2026 19:49:44,21.49,,,,,
618,02/12/2026 19:59:44,21.53,,,,,
619,02/12/2026 20:09:44,21.58,,,,,
620,02/12/2026 20:19:44,21.62,,,,,
621,02/12/2026 20:29:44,21.75,,,,,
622,02/12/2026 20:39:44,21.83,,,,,
623,02/12/2026 20:49:44,21.88,,,,,
624,02/12/2026 20:59:44,21.96,,,,,
625,02/12/2026 21:09:44,22.01,,,,,
626,02/12/2026 21:19:44,22.05,,,,,
627,02/12/2026 21:29:44,22.13,,,,,
628,02/12/2026 21:39:44,22.18,,,,,
629,02/12/2026 21:49:44,22.22,,,,,
630,02/12/2026 21:59:44,22.26,,,,,
631,02/12/2026 22:09:44,22.35,,,,,
632,02/12/2026 22:19:44,22.43,,,,,
633,02/12/2026 22:29:44,22.43,,,,,
634,02/12/2026 22:39:44,22.43,,,,,
635,02/12/2026 22:49:44,22.48,,,,,
636,02/12/2026 22:59:44,22.52,,,,,
637,02/12/2026 23:09:44,22.52,,,,,
638,02/12/2026 23:12:28,,,,Logged,,
639,02/12/2026 23:12:38,,,,Logged,,
640,02/12/2026 23:12:47,,,,Logged,,
641,02/12/2026 23:19:44,22.52,,,,,
642,02/12/2026 23:29:44,22.48,,,,,
643,02/12/2026 23:39:44,22.39,,,,,
644,02/12/2026 23:49:44,22.43,,,,,
645,02/12/2026 23:59:44,22.43,,,,,
646,02/13/2026 00:09:44,22.35,,,,,
647,02/13/2026 00:19:44,22.39,,,,,
648,02/13/2026 00:29:44,22.35,,,,,
649,02/13/2026 00:39:44,22.35,,,,,
650,02/13/2026 00:49:44,22.35,,,,,
651,02/13/2026 00:59:44,22.31,,,,,
652,02/13/2026 01:09:44,22.31,,,,,
653,02/13/2026 01:19:44,22.26,,,,,
654,02/13/2026 01:29:44,22.31,,,,,
655,02/13/2026 01:39:44,22.26,,,,,
656,02/13/2026 01:49:44,22.18,,,,,
657,02/13/2026 01:59:44,22.18,,,,,
658,02/13/2026 02:09:44,22.18,,,,,
659,02/13/2026 02:19:44,22.18,,,,,
660,02/13/2026 02:29:44,22.18,,,,,
661,02/13/2026 02:39:44,22.13,,,,,
662,02/13/2026 02:49:44,22.09,,,,,
663,02/13/2026 02:59:44,22.05,,,,,
664,02/13/2026 03:09:44,22.05,,,,,
665,02/13/2026 03:19:44,22.05,,,,,
666,02/13/2026 03:29:44,22.05,,,,,
667,02/13/2026 03:39:44,22.01,,,,,
668,02/13/2026 03:49:44,22.01,,,,,
669,02/13/2026 03:59:44,21.96,,,,,
670,02/13/2026 04:09:44,21.96,,,,,
671,02/13/2026 04:19:44,21.96,,,,,
672,02/13/2026 04:29:44,21.88,,,,,
673,02/13/2026 04:39:44,21.88,,,,,
674,02/13/2026 04:49:44,21.88,,,,,
675,02/13/2026 04:59:44,21.83,,,,,
676,02/13/2026 05:09:44,21.83,,,,,
677,02/13/2026 05:19:44,21.75,,,,,
678,02/13/2026 05:29:44,21.83,,,,,
679,02/13/2026 05:39:44,21.79,,,,,
680,02/13/2026 05:49:44,21.79,,,,,
681,02/13/2026 05:59:44,21.75,,,,,
682,02/13/2026 06:09:44,21.75,,,,,
683,02/13/2026 06:19:44,21.70,,,,,
684,02/13/2026 06:29:44,21.66,,,,,
685,02/13/2026 06:39:44,21.70,,,,,
686,02/13/2026 06:49:44,21.70,,,,,
687,02/13/2026 06:59:44,21.70,,,,,
688,02/13/2026 07:09:44,21.75,,,,,
689,02/13/2026 07:19:44,21.70,,,,,
690,02/13/2026 07:29:44,21.75,,,,,
691,02/13/2026 07:39:44,21.83,,,,,
692,02/13/2026 07:49:44,21.96,,,,,
693,02/13/2026 07:59:44,22.01,,,,,
694,02/13/2026 08:09:44,22.01,,,,,
695,02/13/2026 08:19:44,21.96,,,,,
696,02/13/2026 08:29:44,22.05,,,,,
697,02/13/2026 08:39:44,22.01,,,,,
698,02/13/2026 08:49:44,22.05,,,,,
699,02/13/2026 08:59:44,21.96,,,,,
700,02/13/2026 09:09:44,22.05,,,,,
701,02/13/2026 09:19:44,21.96,,,,,
702,02/13/2026 09:29:44,21.96,,,,,
703,02/13/2026 09:39:44,22.01,,,,,
704,02/13/2026 09:49:44,21.96,,,,,
705,02/13/2026 09:59:44,21.96,,,,,
706,02/13/2026 10:09:44,21.96,,,,,
707,02/13/2026 10:19:44,22.01,,,,,
708,02/13/2026 10:29:44,22.09,,,,,
709,02/13/2026 10:39:44,22.09,,,,,
710,02/13/2026 10:49:44,22.22,,,,,
711,02/13/2026 10:59:44,22.31,,,,,
712,02/13/2026 11:09:44,22.35,,,,,
713,02/13/2026 11:19:44,22.43,,,,,
714,02/13/2026 11:29:44,22.52,,,,,
715,02/13/2026 11:39:44,22.61,,,,,
716,02/13/2026 11:49:44,22.61,,,,,
717,02/13/2026 11:59:44,22.73,,,,,
718,02/13/2026 12:09:44,22.73,,,,,
719,02/13/2026 12:19:44,22.78,,,,,
720,02/13/2026 12:29:44,22.82,,,,,
721,02/13/2026 12:39:44,22.86,,,,,
722,02/13/2026 12:49:44,22.86,,,,,
723,02/13/2026 12:59:44,22.95,,,,,
724,02/13/2026 13:09:44,22.99,,,,,
725,02/13/2026 13:19:44,22.99,,,,,
726,02/13/2026 13:29:44,22.99,,,,,
727,02/13/2026 13:39:44,22.99,,,,,
728,02/13/2026 13:49:44,22.99,,,,,
729,02/13/2026 13:59:44,23.08,,,,,
730,02/13/2026 14:09:44,23.08,,,,,
731,02/13/2026 14:19:44,23.16,,,,,
732,02/13/2026 14:29:44,23.16,,,,,
733,02/13/2026 14:39:44,23.16,,,,,
734,02/13/2026 14:49:44,23.21,,,,,
735,02/13/2026 14:59:44,23.21,,,,,
736,02/13/2026 15:09:44,23.25,,,,,
737,02/13/2026 15:19:44,23.25,,,,,
738,02/13/2026 15:29:44,23.34,,,,,
739,02/13/2026 15:39:44,23.34,,,,,
740,02/13/2026 15:49:44,23.34,,,,,
741,02/13/2026 15:59:44,23.42,,,,,
742,02/13/2026 16:09:44,23.42,,,,,
743,02/13/2026 16:19:44,23.38,,,,,
744,02/13/2026 16:29:44,23.46,,,,,
745,02/13/2026 16:39:44,23.46,,,,,
746,02/13/2026 16:49:44,23.42,,,,,
747,02/13/2026 16:59:44,23.51,,,,,
748,02/13/2026 17:09:44,23.46,,,,,
749,02/13/2026 17:19:44,23.51,,,,,
750,02/13/2026 17:29:44,23.55,,,,,
751,02/13/2026 17:39:44,23.51,,,,,
752,02/13/2026 17:49:44,23.51,,,,,
753,02/13/2026 17:59:44,23.55,,,,,
754,02/13/2026 18:09:44,23.51,,,,,
755,02/13/2026 18:19:44,23.55,,,,,
756,02/13/2026 18:29:44,23.55,,,,,
757,02/13/2026 18:39:44,23.55,,,,,
758,02/13/2026 18:49:44,23.55,,,,,
759,02/13/2026 18:59:44,23.59,,,,,
760,02/13/2026 19:09:44,23.55,,,,,
761,02/13/2026 19:19:44,23.64,,,,,
762,02/13/2026 19:29:44,23.55,,,,,
763,02/13/2026 19:39:44,23.55,,,,,
764,02/13/2026 19:49:44,23.59,,,,,
765,02/13/2026 19:59:44,23.59,,,,,
766,02/13/2026 20:09:44,23.59,,,,,
767,02/13/2026 20:19:44,23.59,,,,,
768,02/13/2026 20:29:44,23.59,,,,,
769,02/13/2026 20:39:44,23.59,,,,,
770,02/13/2026 20:49:44,23.64,,,,,
771,02/13/2026 20:59:44,23.59,,,,,
772,02/13/2026 21:09:44,23.59,,,,,
773,02/13/2026 21:19:44,23.59,,,,,
774,02/13/2026 21:29:44,23.59,,,,,
775,02/13/2026 21:39:44,23.64,,,,,
776,02/13/2026 21:49:44,23.59,,,,,
777,02/13/2026 21:59:44,23.68,,,,,
778,02/13/2026 22:09:44,23.59,,,,,
779,02/13/2026 22:19:44,23.59,,,,,
780,02/13/2026 22:29:44,23.59,,,,,
781,02/13/2026 22:39:44,23.59,,,,,
782,02/13/2026 22:49:44,23.55,,,,,
783,02/13/2026 22:59:44,23.64,,,,,
784,02/13/2026 23:09:44,23.64,,,,,
785,02/13/2026 23:19:44,23.64,,,,,
786,02/13/2026 23:29:44,23.59,,,,,
787,02/13/2026 23:39:44,23.64,,,,,
788,02/13/2026 23:49:44,23.64,,,,,
789,02/13/2026 23:59:44,23.59,,,,,
790,02/14/2026 00:09:44,23.59,,,,,
791,02/14/2026 00:19:44,23.64,,,,,
792,02/14/2026 00:29:44,23.59,,,,,
793,02/14/2026 00:39:44,23.59,,,,,
794,02/14/2026 00:49:44,23.64,,,,,
795,02/14/2026 00:59:44,23.64,,,,,
796,02/14/2026 01:09:44,23.64,,,,,
797,02/14/2026 01:19:44,23.59,,,,,
798,02/14/2026 01:29:44,23.64,,,,,
799,02/14/2026 01:39:44,23.59,,,,,
800,02/14/2026 01:49:44,23.59,,,,,
801,02/14/2026 01:59:44,23.59,,,,,
802,02/14/2026 02:09:44,23.64,,,,,
803,02/14/2026 02:19:44,23.59,,,,,
804,02/14/2026 02:29:44,23.55,,,,,
805,02/14/2026 02:39:44,23.64,,,,,
806,02/14/2026 02:49:44,23.64,,,,,
807,02/14/2026 02:59:44,23.64,,,,,
808,02/14/2026 03:09:44,23.59,,,,,
809,02/14/2026 03:19:44,23.59,,,,,
810,02/14/2026 03:29:44,23.59,,,,,
811,02/14/2026 03:39:44,23.59,,,,,
812,02/14/2026 03:49:44,23.59,,,,,
813,02/14/2026 03:59:44,23.59,,,,,
814,02/14/2026 04:09:44,23.59,,,,,
815,02/14/2026 04:19:44,23.59,,,,,
816,02/14/2026 04:29:44,23.59,,,,,
817,02/14/2026 04:39:44,23.59,,,,,
818,02/14/2026 04:49:44,23.59,,,,,
819,02/14/2026 04:59:44,23.59,,,,,
820,02/14/2026 05:09:44,23.64,,,,,
821,02/14/2026 05:19:44,23.64,,,,,
822,02/14/2026 05:29:44,23.55,,,,,
823,02/14/2026 05:39:44,23.59,,,,,
824,02/14/2026 05:49:44,23.59,,,,,
825,02/14/2026 05:59:44,23.55,,,,,
826,02/14/2026 06:09:44,23.59,,,,,
827,02/14/2026 06:19:44,23.55,,,,,
828,02/14/2026 06:29:44,23.59,,,,,
829,02/14/2026 06:39:44,23.55,,,,,
830,02/14/2026 06:49:44,23.59,,,,,
831,02/14/2026 06:59:44,23.55,,,,,
832,02/14/2026 07:09:44,23.55,,,,,
833,02/14/2026 07:19:44,23.55,,,,,
834,02/14/2026 07:29:44,23.59,,,,,
835,02/14/2026 07:39:44,23.55,,,,,
836,02/14/2026 07:49:44,23.55,,,,,
837,02/14/2026 07:59:44,23.59,,,,,
838,02/14/2026 08:09:44,23.55,,,,,
839,02/14/2026 08:19:44,23.59,,,,,
840,02/14/2026 08:29:44,23.59,,,,,
841,02/14/2026 08:39:44,23.55,,,,,
842,02/14/2026 08:49:44,23.55,,,,,
843,02/14/2026 08:59:44,23.64,,,,,
844,02/14/2026 09:09:44,23.59,,,,,
845,02/14/2026 09:19:44,23.59,,,,,
846,02/14/2026 09:29:44,23.59,,,,,
847,02/14/2026 09:39:44,23.68,,,,,
848,02/14/2026 09:49:44,23.64,,,,,
849,02/14/2026 09:59:44,23.68,,,,,
850,02/14/2026 10:09:44,23.68,,,,,
851,02/14/2026 10:19:44,23.68,,,,,
852,02/14/2026 10:29:44,23.68,,,,,
853,02/14/2026 10:39:44,23.68,,,,,
854,02/14/2026 10:49:44,23.68,,,,,
855,02/14/2026 10:59:44,23.68,,,,,
856,02/14/2026 11:09:44,23.68,,,,,
857,02/14/2026 11:19:44,23.72,,,,,
858,02/14/2026 11:29:44,23.72,,,,,
859,02/14/2026 11:39:44,23.72,,,,,
860,02/14/2026 11:49:44,23.72,,,,,
861,02/14/2026 11:59:44,23.72,,,,,
862,02/14/2026 12:09:44,23.81,,,,,
863,02/14/2026 12:19:44,23.76,,,,,
864,02/14/2026 12:29:44,23.76,,,,,
865,02/14/2026 12:39:44,23.76,,,,,
866,02/14/2026 12:49:44,23.46,,,,,
867,02/14/2026 12:59:44,23.08,,,,,
868,02/14/2026 13:09:44,22.82,,,,,
869,02/14/2026 13:19:44,22.65,,,,,
870,02/14/2026 13:29:44,22.52,,,,,
871,02/14/2026 13:39:44,22.52,,,,,
872,02/14/2026 13:49:44,22.43,,,,,
873,02/14/2026 13:59:44,22.43,,,,,
874,02/14/2026 14:09:44,22.48,,,,,
875,02/14/2026 14:19:44,22.39,,,,,
876,02/14/2026 14:29:44,22.39,,,,,
877,02/14/2026 14:39:44,22.39,,,,,
878,02/14/2026 14:49:44,22.43,,,,,
879,02/14/2026 14:59:44,22.39,,,,,
880,02/14/2026 15:09:44,22.39,,,,,
881,02/14/2026 15:19:44,22.43,,,,,
882,02/14/2026 15:29:44,22.43,,,,,
883,02/14/2026 15:39:44,22.43,,,,,
884,02/14/2026 15:49:44,22.39,,,,,
885,02/14/2026 15:59:44,22.43,,,,,
886,02/14/2026 16:09:44,22.39,,,,,
887,02/14/2026 16:19:44,22.43,,,,,
888,02/14/2026 16:29:44,22.43,,,,,
889,02/14/2026 16:39:44,22.43,,,,,
890,02/14/2026 16:49:44,22.39,,,,,
891,02/14/2026 16:59:44,22.43,,,,,
892,02/14/2026 17:09:44,22.43,,,,,
893,02/14/2026 17:19:44,22.39,,,,,
894,02/14/2026 17:29:44,22.43,,,,,
895,02/14/2026 17:39:44,22.35,,,,,
896,02/14/2026 17:49:44,22.43,,,,,
897,02/14/2026 17:59:44,22.43,,,,,
898,02/14/2026 18:09:44,22.43,,,,,
899,02/14/2026 18:19:44,22.39,,,,,
900,02/14/2026 18:29:44,22.39,,,,,
901,02/14/2026 18:39:44,22.39,,,,,
902,02/14/2026 18:49:44,22.39,,,,,
903,02/14/2026 18:59:44,22.43,,,,,
904,02/14/2026 19:09:44,22.43,,,,,
905,02/14/2026 19:19:44,22.39,,,,,
906,02/14/2026 19:29:44,22.39,,,,,
907,02/14/2026 19:39:44,22.43,,,,,
908,02/14/2026 19:49:44,22.43,,,,,
909,02/14/2026 19:59:44,22.39,,,,,
910,02/14/2026 20:09:44,22.39,,,,,
911,02/14/2026 20:19:44,22.43,,,,,
912,02/14/2026 20:29:44,22.43,,,,,
913,02/14/2026 20:39:44,22.43,,,,,
914,02/14/2026 20:49:44,22.43,,,,,
915,02/14/2026 20:59:44,22.39,,,,,
916,02/14/2026 21:09:44,22.43,,,,,
917,02/14/2026 21:19:44,22.43,,,,,
918,02/14/2026 21:29:44,22.39,,,,,
919,02/14/2026 21:39:44,22.43,,,,,
920,02/14/2026 21:49:44,22.43,,,,,
921,02/14/2026 21:59:44,22.39,,,,,
922,02/14/2026 22:09:44,22.43,,,,,
923,02/14/2026 22:19:44,22.48,,,,,
924,02/14/2026 22:29:44,22.43,,,,,
925,02/14/2026 22:39:44,22.43,,,,,
926,02/14/2026 22:49:44,22.39,,,,,
927,02/14/2026 22:59:44,22.39,,,,,
928,02/14/2026 23:09:44,22.43,,,,,
929,02/14/2026 23:19:44,22.39,,,,,
930,02/14/2026 23:29:44,22.39,,,,,
931,02/14/2026 23:39:44,22.43,,,,,
932,02/14/2026 23:49:44,22.39,,,,,
933,02/14/2026 23:59:44,22.43,,,,,
934,02/15/2026 00:09:44,22.48,,,,,
935,02/15/2026 00:19:44,22.39,,,,,
936,02/15/2026 00:29:44,22.35,,,,,
937,02/15/2026 00:39:44,22.43,,,,,
938,02/15/2026 00:49:44,22.43,,,,,
939,02/15/2026 00:59:44,22.43,,,,,
940,02/15/2026 01:09:44,22.48,,,,,
941,02/15/2026 01:19:44,22.43,,,,,
942,02/15/2026 01:29:44,22.43,,,,,
943,02/15/2026 01:39:44,22.43,,,,,
944,02/15/2026 01:49:44,22.43,,,,,
945,02/15/2026 01:59:44,22.43,,,,,
946,02/15/2026 02:09:44,22.43,,,,,
947,02/15/2026 02:19:44,22.39,,,,,
948,02/15/2026 02:29:44,22.39,,,,,
949,02/15/2026 02:39:44,22.39,,,,,
950,02/15/2026 02:49:44,22.39,,,,,
951,02/15/2026 02:59:44,22.43,,,,,
952,02/15/2026 03:09:44,22.43,,,,,
953,02/15/2026 03:19:44,22.43,,,,,
954,02/15/2026 03:29:44,22.48,,,,,
955,02/15/2026 03:39:44,22.48,,,,,
956,02/15/2026 03:49:44,22.43,,,,,
957,02/15/2026 03:59:44,22.39,,,,,
958,02/15/2026 04:09:44,22.43,,,,,
959,02/15/2026 04:19:44,22.43,,,,,
960,02/15/2026 04:29:44,22.43,,,,,
961,02/15/2026 04:39:44,22.48,,,,,
962,02/15/2026 04:49:44,22.39,,,,,
963,02/15/2026 04:59:44,22.43,,,,,
964,02/15/2026 05:09:44,22.43,,,,,
965,02/15/2026 05:19:44,22.39,,,,,
966,02/15/2026 05:29:44,22.39,,,,,
967,02/15/2026 05:39:44,22.48,,,,,
968,02/15/2026 05:49:44,22.43,,,,,
969,02/15/2026 05:59:44,22.48,,,,,
970,02/15/2026 06:09:44,22.48,,,,,
971,02/15/2026 06:19:44,22.39,,,,,
972,02/15/2026 06:29:44,22.43,,,,,
973,02/15/2026 06:39:44,22.43,,,,,
974,02/15/2026 06:49:44,22.43,,,,,
975,02/15/2026 06:59:44,22.48,,,,,
976,02/15/2026 07:09:44,22.43,,,,,
977,02/15/2026 07:19:44,22.43,,,,,
978,02/15/2026 07:29:44,22.48,,,,,
979,02/15/2026 07:39:44,22.56,,,,,
980,02/15/2026 07:49:44,22.61,,,,,
981,02/15/2026 07:59:44,22.52,,,,,
982,02/15/2026 08:09:44,22.48,,,,,
983,02/15/2026 08:19:44,22.48,,,,,
984,02/15/2026 08:29:44,22.43,,,,,
985,02/15/2026 08:39:44,22.48,,,,,
986,02/15/2026 08:49:44,22.48,,,,,
987,02/15/2026 08:59:44,22.43,,,,,
988,02/15/2026 09:09:44,22.43,,,,,
989,02/15/2026 09:19:44,22.43,,,,,
990,02/15/2026 09:29:44,22.43,,,,,
991,02/15/2026 09:39:44,22.43,,,,,
992,02/15/2026 09:49:44,22.43,,,,,
993,02/15/2026 09:59:44,22.39,,,,,
994,02/15/2026 10:09:44,22.39,,,,,
995,02/15/2026 10:19:44,22.39,,,,,
996,02/15/2026 10:29:44,22.43,,,,,
997,02/15/2026 10:39:44,22.39,,,,,
998,02/15/2026 10:49:44,22.39,,,,,
999,02/15/2026 10:59:44,22.39,,,,,
1000,02/15/2026 11:09:44,22.43,,,,,
1001,02/15/2026 11:19:44,22.39,,,,,
1002,02/15/2026 11:29:44,22.43,,,,,
1003,02/15/2026 11:39:44,22.39,,,,,
1004,02/15/2026 11:49:44,22.43,,,,,
1005,02/15/2026 11:59:44,22.39,,,,,
1006,02/15/2026 12:09:44,22.39,,,,,
1007,02/15/2026 12:19:44,22.39,,,,,
1008,02/15/2026 12:29:44,22.39,,,,,
1009,02/15/2026 12:39:44,22.43,,,,,
1010,02/15/2026 12:49:44,22.39,,,,,
1011,02/15/2026 12:59:44,22.39,,,,,
1012,02/15/2026 13:09:44,22.35,,,,,
1013,02/15/2026 13:19:44,22.39,,,,,
1014,02/15/2026 13:29:44,22.39,,,,,
1015,02/15/2026 13:39:44,22.39,,,,,
1016,02/15/2026 13:49:44,22.35,,,,,
1017,02/15/2026 13:59:44,22.43,,,,,
1018,02/15/2026 14:09:44,22.39,,,,,
1019,02/15/2026 14:19:44,22.39,,,,,
1020,02/15/2026 14:29:44,22.39,,,,,
1021,02/15/2026 14:39:44,22.39,,,,,
1022,02/15/2026 14:49:44,22.39,,,,,
1023,02/15/2026 14:59:44,22.39,,,,,
1024,02/15/2026 15:09:44,22.35,,,,,
1025,02/15/2026 15:19:44,22.39,,,,,
1026,02/15/2026 15:29:44,22.35,,,,,
1027,02/15/2026 15:39:44,22.39,,,,,
1028,02/15/2026 15:49:44,22.39,,,,,
1029,02/15/2026 15:59:44,22.39,,,,,
1030,02/15/2026 16:09:44,22.43,,,,,
1031,02/15/2026 16:19:44,22.43,,,,,
1032,02/15/2026 16:29:44,22.39,,,,,
1033,02/15/2026 16:39:44,22.39,,,,,
1034,02/15/2026 16:49:44,22.43,,,,,
1035,02/15/2026 16:59:44,22.43,,,,,
1036,02/15/2026 17:09:44,22.43,,,,,
1037,02/15/2026 17:19:44,22.43,,,,,
1038,02/15/2026 17:29:44,22.39,,,,,
1039,02/15/2026 17:39:44,22.43,,,,,
1040,02/15/2026 17:49:44,22.39,,,,,
1041,02/15/2026 17:59:44,22.43,,,,,
1042,02/15/2026 18:09:44,22.39,,,,,
1043,02/15/2026 18:19:44,22.39,,,,,
1044,02/15/2026 18:29:44,22.43,,,,,
1045,02/15/2026 18:39:44,22.39,,,,,
1046,02/15/2026 18:49:44,22.43,,,,,
1047,02/15/2026 18:59:44,22.43,,,,,
1048,02/15/2026 19:09:44,22.43,,,,,
1049,02/15/2026 19:19:44,22.39,,,,,
1050,02/15/2026 19:29:44,22.43,,,,,
1051,02/15/2026 19:39:44,22.43,,,,,
1052,02/15/2026 19:49:44,22.43,,,,,
1053,02/15/2026 19:59:44,22.43,,,,,
1054,02/15/2026 20:09:44,22.43,,,,,
1055,02/15/2026 20:19:44,22.43,,,,,
1056,02/15/2026 20:29:44,22.43,,,,,
1057,02/15/2026 20:39:44,22.43,,,,,
1058,02/15/2026 20:49:44,22.43,,,,,
1059,02/15/2026 20:59:44,22.43,,,,,
1060,02/15/2026 21:09:44,22.43,,,,,
1061,02/15/2026 21:19:44,22.39,,,,,
1062,02/15/2026 21:29:44,22.43,,,,,
1063,02/15/2026 21:39:44,22.48,,,,,
1064,02/15/2026 21:49:44,22.39,,,,,
1065,02/15/2026 21:59:44,22.43,,,,,
1066,02/15/2026 22:09:44,22.43,,,,,
1067,02/15/2026 22:19:44,22.43,,,,,
1068,02/15/2026 22:29:44,22.43,,,,,
1069,02/15/2026 22:39:44,22.43,,,,,
1070,02/15/2026 22:49:44,22.39,,,,,
1071,02/15/2026 22:59:44,22.43,,,,,
1072,02/15/2026 23:09:44,22.43,,,,,
1073,02/15/2026 23:19:44,22.43,,,,,
1074,02/15/2026 23:29:44,22.43,,,,,
1075,02/15/2026 23:39:44,22.43,,,,,
1076,02/15/2026 23:49:44,22.39,,,,,
1077,02/15/2026 23:59:44,22.39,,,,,
1078,02/16/2026 00:09:44,22.43,,,,,
1079,02/16/2026 00:19:44,22.48,,,,,
1080,02/16/2026 00:29:44,22.48,,,,,
1081,02/16/2026 00:39:44,22.39,,,,,
1082,02/16/2026 00:49:44,22.43,,,,,
1083,02/16/2026 00:59:44,22.43,,,,,
1084,02/16/2026 01:09:44,22.43,,,,,
1085,02/16/2026 01:19:44,22.43,,,,,
1086,02/16/2026 01:29:44,22.43,,,,,
1087,02/16/2026 01:39:44,22.43,,,,,
1088,02/16/2026 01:49:44,22.43,,,,,
1089,02/16/2026 01:59:44,22.43,,,,,
1090,02/16/2026 02:09:44,22.43,,,,,
1091,02/16/2026 02:19:44,22.39,,,,,
1092,02/16/2026 02:29:44,22.39,,,,,
1093,02/16/2026 02:39:44,22.43,,,,,
1094,02/16/2026 02:49:44,22.43,,,,,
1095,02/16/2026 02:59:44,22.43,,,,,
1096,02/16/2026 03:09:44,22.43,,,,,
1097,02/16/2026 03:19:44,22.43,,,,,
1098,02/16/2026 03:29:44,22.43,,,,,
1099,02/16/2026 03:39:44,22.43,,,,,
1100,02/16/2026 03:49:44,22.48,,,,,
1101,02/16/2026 03:59:44,22.39,,,,,
1102,02/16/2026 04:09:44,22.48,,,,,
1103,02/16/2026 04:19:44,22.48,,,,,
1104,02/16/2026 04:29:44,22.43,,,,,
1105,02/16/2026 04:39:44,22.43,,,,,
1106,02/16/2026 04:49:44,22.43,,,,,
1107,02/16/2026 04:59:44,22.43,,,,,
1108,02/16/2026 05:09:44,22.43,,,,,
1109,02/16/2026 05:19:44,22.43,,,,,
1110,02/16/2026 05:29:44,22.48,,,,,
1111,02/16/2026 05:39:44,22.43,,,,,
1112,02/16/2026 05:49:44,22.43,,,,,
1113,02/16/2026 05:59:44,22.48,,,,,
1114,02/16/2026 06:09:44,22.43,,,,,
1115,02/16/2026 06:19:44,22.43,,,,,
1116,02/16/2026 06:29:44,22.43,,,,,
1117,02/16/2026 06:39:44,22.43,,,,,
1118,02/16/2026 06:49:44,22.43,,,,,
1119,02/16/2026 06:59:44,22.43,,,,,
1120,02/16/2026 07:09:44,22.43,,,,,
1121,02/16/2026 07:19:44,22.43,,,,,
1122,02/16/2026 07:29:44,22.43,,,,,
1123,02/16/2026 07:39:44,22.43,,,,,
1124,02/16/2026 07:49:44,22.43,,,,,
1125,02/16/2026 07:59:44,22.43,,,,,
1126,02/16/2026 08:09:44,22.43,,,,,
1127,02/16/2026 08:19:44,22.48,,,,,
1128,02/16/2026 08:29:44,22.43,,,,,
1129,02/16/2026 08:39:44,22.43,,,,,
1130,02/16/2026 08:49:44,22.43,,,,,
1131,02/16/2026 08:59:44,22.43,,,,,
1132,02/16/2026 09:09:44,22.43,,,,,
1133,02/16/2026 09:19:44,22.43,,,,,
1134,02/16/2026 09:29:44,22.48,,,,,
1135,02/16/2026 09:39:44,22.48,,,,,
1136,02/16/2026 09:49:44,22.43,,,,,
1137,02/16/2026 09:59:44,22.43,,,,,
1138,02/16/2026 10:09:44,22.43,,,,,
1139,02/16/2026 10:19:44,22.43,,,,,
1140,02/16/2026 10:29:44,22.43,,,,,
1141,02/16/2026 10:39:44,22.48,,,,,
1142,02/16/2026 10:49:44,22.43,,,,,
1143,02/16/2026 10:59:44,22.43,,,,,
1144,02/16/2026 11:09:44,22.43,,,,,
1145,02/16/2026 11:19:44,22.48,,,,,
1146,02/16/2026 11:29:44,22.39,,,,,
1147,02/16/2026 11:39:44,22.43,,,,,
1148,02/16/2026 11:49:44,22.48,,,,,
1149,02/16/2026 11:59:44,22.48,,,,,
1150,02/16/2026 12:09:44,22.48,,,,,
1151,02/16/2026 12:19:44,22.48,,,,,
1152,02/16/2026 12:29:44,22.43,,,,,
1153,02/16/2026 12:39:44,22.43,,,,,
1154,02/16/2026 12:49:44,22.43,,,,,
1155,02/16/2026 12:59:44,22.43,,,,,
1156,02/16/2026 13:09:44,22.48,,,,,
1157,02/16/2026 13:19:44,22.48,,,,,
1158,02/16/2026 13:29:44,22.43,,,,,
1159,02/16/2026 13:39:44,22.48,,,,,
1160,02/16/2026 13:49:44,22.43,,,,,
1161,02/16/2026 13:59:44,22.43,,,,,
1162,02/16/2026 14:09:44,22.48,,,,,
1163,02/16/2026 14:19:44,22.43,,,,,
1164,02/16/2026 14:29:44,22.43,,,,,
1165,02/16/2026 14:39:44,22.43,,,,,
1166,02/16/2026 14:49:44,22.48,,,,,
1167,02/16/2026 14:59:44,22.43,,,,,
1168,02/16/2026 15:09:44,22.39,,,,,
1169,02/16/2026 15:19:44,22.43,,,,,
1170,02/16/2026 15:29:44,22.43,,,,,
1171,02/16/2026 15:39:44,22.43,,,,,
1172,02/16/2026 15:49:44,22.48,,,,,
1173,02/16/2026 15:59:44,22.48,,,,,
1174,02/16/2026 16:09:44,22.43,,,,,
1175,02/16/2026 16:19:44,22.43,,,,,
1176,02/16/2026 16:29:44,22.48,,,,,
1177,02/16/2026 16:39:44,22.39,,,,,
1178,02/16/2026 16:49:44,22.43,,,,,
1179,02/16/2026 16:59:44,22.48,,,,,
1180,02/16/2026 17:09:44,22.43,,,,,
1181,02/16/2026 17:19:44,22.39,,,,,
1182,02/16/2026 17:29:44,22.43,,,,,
1183,02/16/2026 17:39:44,22.43,,,,,
1184,02/16/2026 17:49:44,22.48,,,,,
1185,02/16/2026 17:59:44,22.43,,,,,
1186,02/16/2026 18:09:44,22.48,,,,,
1187,02/16/2026 18:19:44,22.43,,,,,
1188,02/16/2026 18:29:44,22.43,,,,,
1189,02/16/2026 18:39:44,22.43,,,,,
1190,02/16/2026 18:49:44,22.43,,,,,
1191,02/16/2026 18:59:44,22.43,,,,,
1192,02/16/2026 19:09:44,22.43,,,,,
1193,02/16/2026 19:19:44,22.48,,,,,
1194,02/16/2026 19:29:44,22.43,,,,,
1195,02/16/2026 19:39:44,22.48,,,,,
1196,02/16/2026 19:49:44,22.43,,,,,
1197,02/16/2026 19:59:44,22.43,,,,,
1198,02/16/2026 20:09:44,22.48,,,,,
1199,02/16/2026 20:19:44,22.43,,,,,
1200,02/16/2026 20:29:44,22.43,,,,,
1201,02/16/2026 20:39:44,22.43,,,,,
1202,02/16/2026 20:49:44,22.39,,,,,
1203,02/16/2026 20:59:44,22.48,,,,,
1204,02/16/2026 21:09:44,22.43,,,,,
1205,02/16/2026 21:19:44,22.39,,,,,
1206,02/16/2026 21:29:44,22.43,,,,,
1207,02/16/2026 21:39:44,22.43,,,,,
1208,02/16/2026 21:49:44,22.43,,,,,
1209,02/16/2026 21:59:44,22.43,,,,,
1210,02/16/2026 22:09:44,22.43,,,,,
1211,02/16/2026 22:19:44,22.48,,,,,
1212,02/16/2026 22:29:44,22.43,,,,,
1213,02/16/2026 22:39:44,22.43,,,,,
1214,02/16/2026 22:49:44,22.43,,,,,
1215,02/16/2026 22:59:44,22.43,,,,,
1216,02/16/2026 23:09:44,22.39,,,,,
1217,02/16/2026 23:19:44,22.43,,,,,
1218,02/16/2026 23:29:44,22.48,,,,,
1219,02/16/2026 23:39:44,22.39,,,,,
1220,02/16/2026 23:49:44,22.43,,,,,
1221,02/16/2026 23:59:44,22.43,,,,,
1222,02/17/2026 00:09:44,22.48,,,,,
1223,02/17/2026 00:19:44,22.43,,,,,
1224,02/17/2026 00:29:44,22.48,,,,,
1225,02/17/2026 00:39:44,22.43,,,,,
1226,02/17/2026 00:49:44,22.43,,,,,
1227,02/17/2026 00:59:44,22.48,,,,,
1228,02/17/2026 01:09:44,22.43,,,,,
1229,02/17/2026 01:19:44,22.43,,,,,
1230,02/17/2026 01:29:44,22.43,,,,,
1231,02/17/2026 01:39:44,22.43,,,,,
1232,02/17/2026 01:49:44,22.43,,,,,
1233,02/17/2026 01:59:44,22.43,,,,,
1234,02/17/2026 02:09:44,22.43,,,,,
1235,02/17/2026 02:19:44,22.43,,,,,
1236,02/17/2026 02:29:44,22.43,,,,,
1237,02/17/2026 02:39:44,22.43,,,,,
1238,02/17/2026 02:49:44,22.48,,,,,
1239,02/17/2026 02:59:44,22.48,,,,,
1240,02/17/2026 03:09:44,22.43,,,,,
1241,02/17/2026 03:19:44,22.43,,,,,
1242,02/17/2026 03:29:44,22.43,,,,,
1243,02/17/2026 03:39:44,22.43,,,,,
1244,02/17/2026 03:49:44,22.39,,,,,
1245,02/17/2026 03:59:44,22.43,,,,,
1246,02/17/2026 04:09:44,22.52,,,,,
1247,02/17/2026 04:19:44,22.43,,,,,
1248,02/17/2026 04:29:44,22.43,,,,,
1249,02/17/2026 04:39:44,22.39,,,,,
1250,02/17/2026 04:49:44,22.48,,,,,
1251,02/17/2026 04:59:44,22.43,,,,,
1252,02/17/2026 05:09:44,22.43,,,,,
1253,02/17/2026 05:19:44,22.48,,,,,
1254,02/17/2026 05:29:44,22.48,,,,,
1255,02/17/2026 05:39:44,22.43,,,,,
1256,02/17/2026 05:49:44,22.48,,,,,
1257,02/17/2026 05:59:44,22.48,,,,,
1258,02/17/2026 06:09:44,22.43,,,,,
1259,02/17/2026 06:19:44,22.43,,,,,
1260,02/17/2026 06:29:44,22.43,,,,,
1261,02/17/2026 06:39:44,22.43,,,,,
1262,02/17/2026 06:49:44,22.48,,,,,
1263,02/17/2026 06:59:44,22.43,,,,,
1264,02/17/2026 07:09:44,22.43,,,,,
1265,02/17/2026 07:19:44,22.43,,,,,
1266,02/17/2026 07:29:44,22.48,,,,,
1267,02/17/2026 07:39:44,22.48,,,,,
1268,02/17/2026 07:49:44,22.43,,,,,
1269,02/17/2026 07:59:44,22.43,,,,,
1270,02/17/2026 08:09:44,22.43,,,,,
1271,02/17/2026 08:19:44,22.48,,,,,
1272,02/17/2026 08:29:44,22.43,,,,,
1273,02/17/2026 08:39:44,22.48,,,,,
1274,02/17/2026 08:49:44,22.43,,,,,
1275,02/17/2026 08:59:44,22.43,,,,,
1276,02/17/2026 09:09:44,22.48,,,,,
1277,02/17/2026 09:19:44,22.43,,,,,
1278,02/17/2026 09:29:44,22.43,,,,,
1279,02/17/2026 09:39:44,22.43,,,,,
1280,02/17/2026 09:49:44,22.43,,,,,
1281,02/17/2026 09:59:44,22.48,,,,,
1282,02/17/2026 10:09:44,22.48,,,,,
1283,02/17/2026 10:19:44,22.48,,,,,
1284,02/17/2026 10:29:44,22.43,,,,,
1285,02/17/2026 10:39:44,22.43,,,,,
1286,02/17/2026 10:49:44,22.43,,,,,
1287,02/17/2026 10:59:44,22.48,,,,,
1288,02/17/2026 11:09:44,22.43,,,,,
1289,02/17/2026 11:19:44,22.43,,,,,
1290,02/17/2026 11:29:44,22.43,,,,,
1291,02/17/2026 11:39:44,22.43,,,,,
1292,02/17/2026 11:49:44,22.43,,,,,
1293,02/17/2026 11:59:44,22.43,,,,,
1294,02/17/2026 12:09:44,22.43,,,,,
1295,02/17/2026 12:19:44,22.48,,,,,
1296,02/17/2026 12:29:44,22.43,,,,,
1297,02/17/2026 12:39:44,22.43,,,,,
1298,02/17/2026 12:49:44,22.43,,,,,
1299,02/17/2026 12:59:44,22.48,,,,,
1300,02/17/2026 13:09:44,22.43,,,,,
1301,02/17/2026 13:19:44,22.43,,,,,
1302,02/17/2026 13:29:44,22.43,,,,,
1303,02/17/2026 13:39:44,22.39,,,,,
1304,02/17/2026 13:49:44,22.43,,,,,
1305,02/17/2026 13:59:44,22.43,,,,,
1306,02/17/2026 14:09:44,22.43,,,,,
1307,02/17/2026 14:19:44,22.43,,,,,
1308,02/17/2026 14:29:44,22.43,,,,,
1309,02/17/2026 14:39:44,22.43,,,,,
1310,02/17/2026 14:49:44,22.43,,,,,
1311,02/17/2026 14:59:44,22.43,,,,,
1312,02/17/2026 15:09:44,22.48,,,,,
1313,02/17/2026 15:19:44,22.43,,,,,
1314,02/17/2026 15:29:44,22.43,,,,,
1315,02/17/2026 15:39:44,22.43,,,,,
1316,02/17/2026 15:49:44,22.39,,,,,
1317,02/17/2026 15:59:44,22.43,,,,,
1318,02/17/2026 16:09:44,22.48,,,,,
1319,02/17/2026 16:19:44,22.43,,,,,
1320,02/17/2026 16:29:44,22.39,,,,,
1321,02/17/2026 16:39:44,22.48,,,,,
1322,02/17/2026 16:49:44,22.43,,,,,
1323,02/17/2026 16:59:44,22.43,,,,,
1324,02/17/2026 17:09:44,22.39,,,,,
1325,02/17/2026 17:19:44,22.43,,,,,
1326,02/17/2026 17:29:44,22.43,,,,,
1327,02/17/2026 17:38:03,,,,Logged,,Logged
