#,Date-Time (EST),Temperature   (°C)
1,02/02/2026 16:46:02,
2,02/02/2026 16:49:50,
3,02/02/2026 21:44:32,
4,02/08/2026 14:58:02,
5,02/08/2026 14:58:05,
6,02/08/2026 15:00:01,
7,02/08/2026 15:00:11,
8,02/08/2026 15:00:12,22.35
9,02/08/2026 15:00:26,
10,02/08/2026 15:00:48,
11,02/08/2026 15:10:12,16.81
12,02/08/2026 15:20:12,15.06
13,02/08/2026 15:30:12,14.54
14,02/08/2026 15:40:12,14.37
15,02/08/2026 15:50:12,14.37
16,02/08/2026 16:00:12,14.37
17,02/08/2026 16:10:12,14.41
18,02/08/2026 16:20:12,14.45
19,02/08/2026 16:30:12,14.45
20,02/08/2026 16:40:12,14.45
21,02/08/2026 16:50:12,14.41
22,02/08/2026 17:00:12,14.63
23,02/08/2026 17:10:12,14.20
24,02/08/2026 17:20:12,14.03
25,02/08/2026 17:30:12,13.98
26,02/08/2026 17:40:12,13.94
27,02/08/2026 17:50:12,13.94
28,02/08/2026 18:00:12,13.94
29,02/08/2026 18:10:12,13.94
30,02/08/2026 18:20:12,13.98
31,02/08/2026 18:30:12,13.94
32,02/08/2026 18:40:12,13.98
33,02/08/2026 18:50:12,13.98
34,02/08/2026 19:00:12,13.98
35,02/08/2026 19:10:12,14.03
36,02/08/2026 19:20:12,14.03
37,02/08/2026 19:30:12,13.98
38,02/08/2026 19:40:12,14.03
39,02/08/2026 19:50:12,14.03
40,02/08/2026 20:00:12,13.98
41,02/08/2026 20:10:12,13.98
42,02/08/2026 20:20:12,14.07
43,02/08/2026 20:30:12,14.03
44,02/08/2026 20:40:12,14.03
45,02/08/2026 20:50:12,14.03
46,02/08/2026 21:00:12,13.98
47,02/08/2026 21:10:12,13.98
48,02/08/2026 21:20:12,13.98
49,02/08/2026 21:30:12,14.07
50,02/08/2026 21:40:12,14.03
51,02/08/2026 21:50:12,14.03
52,02/08/2026 22:00:12,14.07
53,02/08/2026 22:10:12,14.07
54,02/08/2026 22:20:12,14.03
55,02/08/2026 22:30:12,14.03
56,02/08/2026 22:40:12,14.07
57,02/08/2026 22:50:12,14.07
58,02/08/2026 23:00:12,14.07
59,02/08/2026 23:10:12,14.11
60,02/08/2026 23:20:12,14.07
61,02/08/2026 23:30:12,14.07
62,02/08/2026 23:40:12,14.03
63,02/08/2026 23:50:12,14.03
64,02/09/2026 00:00:12,14.07
65,02/09/2026 00:10:12,14.03
66,02/09/2026 00:20:12,14.07
67,02/09/2026 00:30:12,14.07
68,02/09/2026 00:40:12,14.07
69,02/09/2026 00:50:12,14.07
70,02/09/2026 01:00:12,14.07
71,02/09/2026 01:10:12,14.11
72,02/09/2026 01:20:12,14.03
73,02/09/2026 01:30:12,14.07
74,02/09/2026 01:40:12,14.07
75,02/09/2026 01:50:12,14.11
76,02/09/2026 02:00:12,14.07
77,02/09/2026 02:10:12,14.07
78,02/09/2026 02:20:12,14.11
79,02/09/2026 02:30:12,14.07
80,02/09/2026 02:40:12,14.07
81,02/09/2026 02:50:12,14.07
82,02/09/2026 03:00:12,14.03
83,02/09/2026 03:10:12,14.07
84,02/09/2026 03:20:12,14.07
85,02/09/2026 03:30:12,14.07
86,02/09/2026 03:40:12,14.07
87,02/09/2026 03:50:12,14.07
88,02/09/2026 04:00:12,14.03
89,02/09/2026 04:10:12,14.11
90,02/09/2026 04:20:12,14.15
91,02/09/2026 04:30:12,14.11
92,02/09/2026 04:40:12,14.07
93,02/09/2026 04:50:12,14.07
94,02/09/2026 05:00:12,14.07
95,02/09/2026 05:10:12,14.07
96,02/09/2026 05:20:12,14.11
97,02/09/2026 05:30:12,14.07
98,02/09/2026 05:40:12,14.07
99,02/09/2026 05:50:12,14.07
100,02/09/2026 06:00:12,14.07
101,02/09/2026 06:10:12,14.07
102,02/09/2026 06:20:12,14.11
103,02/09/2026 06:30:12,14.07
104,02/09/2026 06:40:12,14.11
105,02/09/2026 06:50:12,14.07
106,02/09/2026 07:00:12,14.07
107,02/09/2026 07:10:12,14.07
108,02/09/2026 07:20:12,14.11
109,02/09/2026 07:30:12,14.11
110,02/09/2026 07:40:12,14.15
111,02/09/2026 07:50:12,14.24
112,02/09/2026 08:00:12,14.20
113,02/09/2026 08:10:12,14.20
114,02/09/2026 08:20:12,14.11
115,02/09/2026 08:30:12,14.11
116,02/09/2026 08:40:12,13.98
117,02/09/2026 08:50:12,14.28
118,02/09/2026 09:00:12,14.28
119,02/09/2026 09:10:12,14.28
120,02/09/2026 09:20:12,14.28
121,02/09/2026 09:30:12,14.28
122,02/09/2026 09:40:12,14.33
123,02/09/2026 09:50:12,14.28
124,02/09/2026 10:00:12,14.15
125,02/09/2026 10:10:12,14.15
126,02/09/2026 10:20:12,14.07
127,02/09/2026 10:30:12,14.15
128,02/09/2026 10:40:12,14.15
129,02/09/2026 10:50:12,14.11
130,02/09/2026 11:00:12,14.11
131,02/09/2026 11:10:12,14.11
132,02/09/2026 11:20:12,14.15
133,02/09/2026 11:30:12,14.11
134,02/09/2026 11:40:12,14.11
135,02/09/2026 11:50:12,14.15
136,02/09/2026 12:00:12,14.11
137,02/09/2026 12:10:12,14.11
138,02/09/2026 12:20:12,14.11
139,02/09/2026 12:30:12,14.15
140,02/09/2026 12:40:12,14.11
141,02/09/2026 12:50:12,14.11
142,02/09/2026 13:00:12,14.11
143,02/09/2026 13:10:12,14.15
144,02/09/2026 13:20:12,14.11
145,02/09/2026 13:30:12,14.15
146,02/09/2026 13:40:12,14.07
147,02/09/2026 13:50:12,14.20
148,02/09/2026 14:00:12,14.15
149,02/09/2026 14:10:12,14.20
150,02/09/2026 14:20:12,14.11
151,02/09/2026 14:30:12,14.11
152,02/09/2026 14:40:12,14.15
153,02/09/2026 14:50:12,14.15
154,02/09/2026 15:00:12,14.20
155,02/09/2026 15:10:12,14.15
156,02/09/2026 15:20:12,14.15
157,02/09/2026 15:30:12,14.15
158,02/09/2026 15:40:12,14.15
159,02/09/2026 15:50:12,14.15
160,02/09/2026 16:00:12,14.11
161,02/09/2026 16:10:12,14.03
162,02/09/2026 16:20:12,14.07
163,02/09/2026 16:30:12,14.03
164,02/09/2026 16:40:12,13.98
165,02/09/2026 16:50:12,14.11
166,02/09/2026 17:00:12,14.20
167,02/09/2026 17:10:12,13.68
168,02/09/2026 17:20:12,13.68
169,02/09/2026 17:30:12,13.73
170,02/09/2026 17:40:12,13.68
171,02/09/2026 17:50:12,13.90
172,02/09/2026 18:00:12,13.77
173,02/09/2026 18:10:12,13.73
174,02/09/2026 18:20:12,13.77
175,02/09/2026 18:30:12,13.81
176,02/09/2026 18:40:12,13.90
177,02/09/2026 18:50:12,13.90
178,02/09/2026 19:00:12,13.90
179,02/09/2026 19:10:12,13.85
180,02/09/2026 19:20:12,13.90
181,02/09/2026 19:30:12,13.85
182,02/09/2026 19:40:12,13.98
183,02/09/2026 19:50:12,14.75
184,02/09/2026 20:00:12,15.18
185,02/09/2026 20:10:12,15.23
186,02/09/2026 20:20:12,15.18
187,02/09/2026 20:30:12,15.23
188,02/09/2026 20:40:12,15.23
189,02/09/2026 20:50:12,15.18
190,02/09/2026 21:00:12,15.18
191,02/09/2026 21:10:12,15.14
192,02/09/2026 21:20:12,15.14
193,02/09/2026 21:30:12,15.14
194,02/09/2026 21:40:12,15.10
195,02/09/2026 21:50:12,15.10
196,02/09/2026 22:00:12,15.14
197,02/09/2026 22:10:12,15.10
198,02/09/2026 22:20:12,15.14
199,02/09/2026 22:30:12,15.14
200,02/09/2026 22:40:12,15.10
201,02/09/2026 22:50:12,15.10
202,02/09/2026 23:00:12,15.14
203,02/09/2026 23:10:12,15.10
204,02/09/2026 23:20:12,15.14
205,02/09/2026 23:30:12,15.18
206,02/09/2026 23:40:12,15.14
207,02/09/2026 23:50:12,15.14
208,02/10/2026 00:00:12,15.14
209,02/10/2026 00:10:12,15.14
210,02/10/2026 00:20:12,15.14
211,02/10/2026 00:30:12,15.14
212,02/10/2026 00:40:12,15.10
213,02/10/2026 00:50:12,15.14
214,02/10/2026 01:00:12,15.14
215,02/10/2026 01:10:12,15.14
216,02/10/2026 01:20:12,15.14
217,02/10/2026 01:30:12,15.14
218,02/10/2026 01:40:12,15.10
219,02/10/2026 01:50:12,15.18
220,02/10/2026 02:00:12,15.14
221,02/10/2026 02:10:12,15.18
222,02/10/2026 02:20:12,15.14
223,02/10/2026 02:30:12,15.14
224,02/10/2026 02:40:12,15.18
225,02/10/2026 02:50:12,15.18
226,02/10/2026 03:00:12,15.18
227,02/10/2026 03:10:12,15.18
228,02/10/2026 03:20:12,15.18
229,02/10/2026 03:30:12,15.18
230,02/10/2026 03:40:12,15.18
231,02/10/2026 03:50:12,15.14
232,02/10/2026 04:00:12,15.14
233,02/10/2026 04:10:12,15.14
234,02/10/2026 04:20:12,15.14
235,02/10/2026 04:30:12,15.18
236,02/10/2026 04:40:12,15.14
237,02/10/2026 04:50:12,15.18
238,02/10/2026 05:00:12,15.18
239,02/10/2026 05:10:12,15.18
240,02/10/2026 05:20:12,15.18
241,02/10/2026 05:30:12,15.18
242,02/10/2026 05:40:12,15.18
243,02/10/2026 05:50:12,15.18
244,02/10/2026 06:00:12,15.23
245,02/10/2026 06:10:12,15.18
246,02/10/2026 06:20:12,15.10
247,02/10/2026 06:30:12,15.14
248,02/10/2026 06:40:12,15.18
249,02/10/2026 06:50:12,15.18
250,02/10/2026 07:00:12,15.18
251,02/10/2026 07:10:12,15.18
252,02/10/2026 07:20:12,15.18
253,02/10/2026 07:30:12,15.18
254,02/10/2026 07:40:12,15.23
255,02/10/2026 07:50:12,15.23
256,02/10/2026 08:00:12,15.18
257,02/10/2026 08:10:12,15.23
258,02/10/2026 08:20:12,15.14
259,02/10/2026 08:30:12,15.14
260,02/10/2026 08:40:12,15.27
261,02/10/2026 08:50:12,15.14
262,02/10/2026 09:00:12,15.10
263,02/10/2026 09:10:12,15.14
264,02/10/2026 09:20:12,15.06
265,02/10/2026 09:30:12,14.97
266,02/10/2026 09:40:12,15.06
267,02/10/2026 09:50:12,15.10
268,02/10/2026 10:00:12,15.10
269,02/10/2026 10:10:12,15.06
270,02/10/2026 10:20:12,15.10
271,02/10/2026 10:30:12,15.18
272,02/10/2026 10:40:12,15.10
273,02/10/2026 10:50:12,15.14
274,02/10/2026 11:00:12,15.18
275,02/10/2026 11:10:12,15.14
276,02/10/2026 11:20:12,15.18
277,02/10/2026 11:30:12,15.14
278,02/10/2026 11:40:12,15.18
279,02/10/2026 11:50:12,15.18
280,02/10/2026 12:00:12,15.14
281,02/10/2026 12:10:12,15.18
282,02/10/2026 12:20:12,15.18
283,02/10/2026 12:30:12,15.18
284,02/10/2026 12:40:12,15.18
285,02/10/2026 12:50:12,15.23
286,02/10/2026 13:00:12,15.18
287,02/10/2026 13:10:12,15.18
288,02/10/2026 13:20:12,15.23
289,02/10/2026 13:30:12,15.23
290,02/10/2026 13:40:12,15.27
291,02/10/2026 13:50:12,15.23
292,02/10/2026 14:00:12,15.23
293,02/10/2026 14:10:12,15.27
294,02/10/2026 14:20:12,15.23
295,02/10/2026 14:30:12,15.23
296,02/10/2026 14:40:12,15.23
297,02/10/2026 14:50:12,15.27
298,02/10/2026 15:00:12,15.31
299,02/10/2026 15:10:12,15.36
300,02/10/2026 15:20:12,15.31
301,02/10/2026 15:30:12,15.31
302,02/10/2026 15:40:12,15.31
303,02/10/2026 15:50:12,15.27
304,02/10/2026 16:00:12,15.31
305,02/10/2026 16:10:12,15.36
306,02/10/2026 16:20:12,15.10
307,02/10/2026 16:30:12,14.97
308,02/10/2026 16:40:12,14.84
309,02/10/2026 16:50:12,14.80
310,02/10/2026 17:00:12,14.84
311,02/10/2026 17:10:12,14.80
312,02/10/2026 17:20:12,14.80
313,02/10/2026 17:30:12,14.88
314,02/10/2026 17:40:12,14.97
315,02/10/2026 17:50:12,15.10
316,02/10/2026 18:00:12,15.23
317,02/10/2026 18:10:12,15.27
318,02/10/2026 18:20:12,15.31
319,02/10/2026 18:30:12,15.31
320,02/10/2026 18:40:12,15.27
321,02/10/2026 18:50:12,15.23
322,02/10/2026 19:00:12,15.23
323,02/10/2026 19:10:12,15.23
324,02/10/2026 19:20:12,15.23
325,02/10/2026 19:30:12,15.23
326,02/10/2026 19:40:12,15.18
327,02/10/2026 19:50:12,15.27
328,02/10/2026 20:00:12,15.27
329,02/10/2026 20:10:12,15.23
330,02/10/2026 20:20:12,15.14
331,02/10/2026 20:30:12,15.27
332,02/10/2026 20:40:12,15.18
333,02/10/2026 20:50:12,15.14
334,02/10/2026 21:00:12,15.18
335,02/10/2026 21:10:12,15.18
336,02/10/2026 21:20:12,15.18
337,02/10/2026 21:30:12,15.18
338,02/10/2026 21:40:12,15.23
339,02/10/2026 21:50:12,15.18
340,02/10/2026 22:00:12,15.18
341,02/10/2026 22:10:12,15.18
342,02/10/2026 22:20:12,15.18
343,02/10/2026 22:30:12,15.23
344,02/10/2026 22:40:12,15.18
345,02/10/2026 22:50:12,15.23
346,02/10/2026 23:00:12,15.27
347,02/10/2026 23:10:12,15.23
348,02/10/2026 23:20:12,15.27
349,02/10/2026 23:30:12,15.23
350,02/10/2026 23:40:12,15.23
351,02/10/2026 23:50:12,15.27
352,02/11/2026 00:00:12,15.27
353,02/11/2026 00:10:12,15.27
354,02/11/2026 00:20:12,15.27
355,02/11/2026 00:30:12,15.31
356,02/11/2026 00:40:12,15.31
357,02/11/2026 00:50:12,15.31
358,02/11/2026 01:00:12,15.31
359,02/11/2026 01:10:12,15.27
360,02/11/2026 01:20:12,15.27
361,02/11/2026 01:30:12,15.27
362,02/11/2026 01:40:12,15.31
363,02/11/2026 01:50:12,15.31
364,02/11/2026 02:00:12,15.27
365,02/11/2026 02:10:12,15.23
366,02/11/2026 02:20:12,15.31
367,02/11/2026 02:30:12,15.31
368,02/11/2026 02:40:12,15.27
369,02/11/2026 02:50:12,15.27
370,02/11/2026 03:00:12,15.27
371,02/11/2026 03:10:12,15.27
372,02/11/2026 03:20:12,15.27
373,02/11/2026 03:30:12,15.23
374,02/11/2026 03:40:12,15.27
375,02/11/2026 03:50:12,15.23
376,02/11/2026 04:00:12,15.27
377,02/11/2026 04:10:12,15.27
378,02/11/2026 04:20:12,15.27
379,02/11/2026 04:30:12,15.31
380,02/11/2026 04:40:12,15.31
381,02/11/2026 04:50:12,15.27
382,02/11/2026 05:00:12,15.31
383,02/11/2026 05:10:12,15.31
384,02/11/2026 05:20:12,15.31
385,02/11/2026 05:30:12,15.31
386,02/11/2026 05:40:12,15.31
387,02/11/2026 05:50:12,15.31
388,02/11/2026 06:00:12,15.31
389,02/11/2026 06:10:12,15.36
390,02/11/2026 06:20:12,15.27
391,02/11/2026 06:30:12,15.27
392,02/11/2026 06:40:12,15.31
393,02/11/2026 06:50:12,15.31
394,02/11/2026 07:00:12,15.31
395,02/11/2026 07:10:12,15.36
396,02/11/2026 07:20:12,15.31
397,02/11/2026 07:30:12,15.31
398,02/11/2026 07:40:12,15.36
399,02/11/2026 07:50:12,15.40
400,02/11/2026 08:00:12,15.36
401,02/11/2026 08:10:12,15.36
402,02/11/2026 08:20:12,15.31
403,02/11/2026 08:30:12,15.31
404,02/11/2026 08:40:12,15.23
405,02/11/2026 08:50:12,15.31
406,02/11/2026 09:00:12,15.31
407,02/11/2026 09:10:12,15.36
408,02/11/2026 09:20:12,15.36
409,02/11/2026 09:30:12,15.40
410,02/11/2026 09:40:12,15.40
411,02/11/2026 09:50:12,15.44
412,02/11/2026 10:00:12,15.40
413,02/11/2026 10:10:12,15.44
414,02/11/2026 10:20:12,15.44
415,02/11/2026 10:30:12,15.44
416,02/11/2026 10:40:12,15.44
417,02/11/2026 10:50:12,15.40
418,02/11/2026 11:00:12,15.40
419,02/11/2026 11:10:12,15.36
420,02/11/2026 11:20:12,15.31
421,02/11/2026 11:30:12,15.36
422,02/11/2026 11:40:12,15.36
423,02/11/2026 11:50:12,15.31
424,02/11/2026 12:00:12,15.36
425,02/11/2026 12:10:12,15.31
426,02/11/2026 12:20:12,15.36
427,02/11/2026 12:30:12,15.36
428,02/11/2026 12:40:12,15.40
429,02/11/2026 12:50:12,15.36
430,02/11/2026 13:00:12,15.40
431,02/11/2026 13:10:12,15.36
432,02/11/2026 13:20:12,15.40
433,02/11/2026 13:30:12,15.40
434,02/11/2026 13:40:12,15.40
435,02/11/2026 13:50:12,15.40
436,02/11/2026 14:00:12,15.40
437,02/11/2026 14:10:12,15.40
438,02/11/2026 14:20:12,15.36
439,02/11/2026 14:30:12,15.40
440,02/11/2026 14:40:12,15.40
441,02/11/2026 14:50:12,15.40
442,02/11/2026 15:00:12,15.40
443,02/11/2026 15:10:12,15.48
444,02/11/2026 15:20:12,15.40
445,02/11/2026 15:30:12,15.44
446,02/11/2026 15:40:12,15.44
447,02/11/2026 15:50:12,15.48
448,02/11/2026 16:00:12,15.48
449,02/11/2026 16:10:12,15.40
450,02/11/2026 16:20:12,15.44
451,02/11/2026 16:30:12,15.48
452,02/11/2026 16:40:12,15.44
453,02/11/2026 16:50:12,15.44
454,02/11/2026 17:00:12,15.44
455,02/11/2026 17:10:12,15.44
456,02/11/2026 17:20:12,15.44
457,02/11/2026 17:30:12,15.40
458,02/11/2026 17:40:12,15.44
459,02/11/2026 17:50:12,15.44
460,02/11/2026 18:00:12,15.48
461,02/11/2026 18:10:12,15.48
462,02/11/2026 18:20:12,15.48
463,02/11/2026 18:30:12,15.48
464,02/11/2026 18:40:12,15.48
465,02/11/2026 18:50:12,15.44
466,02/11/2026 19:00:12,15.40
467,02/11/2026 19:10:12,15.44
468,02/11/2026 19:20:12,15.44
469,02/11/2026 19:30:12,15.40
470,02/11/2026 19:40:12,15.44
471,02/11/2026 19:50:12,15.44
472,02/11/2026 20:00:12,15.44
473,02/11/2026 20:10:12,15.48
474,02/11/2026 20:20:12,15.66
475,02/11/2026 20:30:12,15.61
476,02/11/2026 20:40:12,15.57
477,02/11/2026 20:50:12,15.53
478,02/11/2026 21:00:12,15.48
479,02/11/2026 21:10:12,15.53
480,02/11/2026 21:20:12,15.44
481,02/11/2026 21:30:12,15.48
482,02/11/2026 21:40:12,15.53
483,02/11/2026 21:50:12,15.91
484,02/11/2026 22:00:12,16.13
485,02/11/2026 22:10:12,16.34
486,02/11/2026 22:20:12,16.43
487,02/11/2026 22:30:12,16.47
488,02/11/2026 22:40:12,16.51
489,02/11/2026 22:50:12,16.47
490,02/11/2026 23:00:12,16.51
491,02/11/2026 23:10:12,16.47
492,02/11/2026 23:20:12,16.43
493,02/11/2026 23:30:12,16.43
494,02/11/2026 23:40:12,16.34
495,02/11/2026 23:50:12,16.39
496,02/12/2026 00:00:12,16.30
497,02/12/2026 00:10:12,16.26
498,02/12/2026 00:20:12,16.21
499,02/12/2026 00:30:12,16.21
500,02/12/2026 00:40:12,16.04
501,02/12/2026 00:50:12,15.83
502,02/12/2026 01:00:12,15.53
503,02/12/2026 01:10:12,15.44
504,02/12/2026 01:20:12,15.40
505,02/12/2026 01:30:12,15.53
506,02/12/2026 01:40:12,15.57
507,02/12/2026 01:50:12,15.57
508,02/12/2026 02:00:12,15.53
509,02/12/2026 02:10:12,15.48
510,02/12/2026 02:20:12,15.48
511,02/12/2026 02:30:12,15.44
512,02/12/2026 02:40:12,15.44
513,02/12/2026 02:50:12,15.44
514,02/12/2026 03:00:12,15.44
515,02/12/2026 03:10:12,15.44
516,02/12/2026 03:20:12,15.44
517,02/12/2026 03:30:12,15.48
518,02/12/2026 03:40:12,15.48
519,02/12/2026 03:50:12,15.53
520,02/12/2026 04:00:12,15.53
521,02/12/2026 04:10:12,15.48
522,02/12/2026 04:20:12,15.44
523,02/12/2026 04:30:12,15.44
524,02/12/2026 04:40:12,15.48
525,02/12/2026 04:50:12,15.44
526,02/12/2026 05:00:12,15.44
527,02/12/2026 05:10:12,15.48
528,02/12/2026 05:20:12,15.48
529,02/12/2026 05:30:12,15.44
530,02/12/2026 05:40:12,15.48
531,02/12/2026 05:50:12,15.48
532,02/12/2026 06:00:12,15.44
533,02/12/2026 06:10:12,15.48
534,02/12/2026 06:20:12,15.48
535,02/12/2026 06:30:12,15.48
536,02/12/2026 06:40:12,15.53
537,02/12/2026 06:50:12,15.48
538,02/12/2026 07:00:12,15.61
539,02/12/2026 07:10:12,15.61
540,02/12/2026 07:20:12,15.66
541,02/12/2026 07:30:12,15.57
542,02/12/2026 07:40:12,15.61
543,02/12/2026 07:50:12,15.66
544,02/12/2026 08:00:12,15.57
545,02/12/2026 08:10:12,15.53
546,02/12/2026 08:20:12,15.44
547,02/12/2026 08:30:12,15.44
548,02/12/2026 08:40:12,15.40
549,02/12/2026 08:50:12,15.53
550,02/12/2026 09:00:12,15.44
551,02/12/2026 09:10:12,15.31
552,02/12/2026 09:20:12,15.31
553,02/12/2026 09:30:12,15.31
554,02/12/2026 09:40:12,15.27
555,02/12/2026 09:50:12,15.31
556,02/12/2026 10:00:12,15.31
557,02/12/2026 10:10:12,15.36
558,02/12/2026 10:20:12,15.36
559,02/12/2026 10:30:12,15.40
560,02/12/2026 10:40:12,15.48
561,02/12/2026 10:50:12,15.44
562,02/12/2026 11:00:12,15.44
563,02/12/2026 11:10:12,15.44
564,02/12/2026 11:20:12,15.36
565,02/12/2026 11:30:12,15.40
566,02/12/2026 11:40:12,15.40
567,02/12/2026 11:50:12,15.40
568,02/12/2026 12:00:12,15.36
569,02/12/2026 12:10:12,15.36
570,02/12/2026 12:20:12,15.44
571,02/12/2026 12:30:12,15.36
572,02/12/2026 12:40:12,15.40
573,02/12/2026 12:50:12,15.40
574,02/12/2026 13:00:12,15.40
575,02/12/2026 13:10:12,15.36
576,02/12/2026 13:20:12,15.40
577,02/12/2026 13:30:12,15.36
578,02/12/2026 13:40:12,15.36
579,02/12/2026 13:50:12,15.36
580,02/12/2026 14:00:12,15.40
581,02/12/2026 14:10:12,15.40
582,02/12/2026 14:20:12,15.36
583,02/12/2026 14:30:12,15.40
584,02/12/2026 14:40:12,15.36
585,02/12/2026 14:50:12,15.36
586,02/12/2026 15:00:12,15.40
587,02/12/2026 15:10:12,15.40
588,02/12/2026 15:20:12,15.40
589,02/12/2026 15:30:12,15.40
590,02/12/2026 15:40:12,15.40
591,02/12/2026 15:50:12,15.44
592,02/12/2026 16:00:12,15.44
593,02/12/2026 16:10:12,15.40
594,02/12/2026 16:20:12,15.40
595,02/12/2026 16:30:12,15.40
596,02/12/2026 16:40:12,15.40
597,02/12/2026 16:50:12,15.40
598,02/12/2026 17:00:12,15.40
599,02/12/2026 17:10:12,15.40
600,02/12/2026 17:20:12,15.40
601,02/12/2026 17:30:12,15.36
602,02/12/2026 17:40:12,15.36
603,02/12/2026 17:50:12,15.23
604,02/12/2026 18:00:12,15.27
605,02/12/2026 18:10:12,15.23
606,02/12/2026 18:20:12,15.23
607,02/12/2026 18:30:12,15.31
608,02/12/2026 18:40:12,15.31
609,02/12/2026 18:50:12,15.31
610,02/12/2026 19:00:12,15.27
611,02/12/2026 19:10:12,15.31
612,02/12/2026 19:20:12,15.31
613,02/12/2026 19:30:12,15.36
614,02/12/2026 19:40:12,15.36
615,02/12/2026 19:50:12,15.36
616,02/12/2026 20:00:12,15.40
617,02/12/2026 20:10:12,15.31
618,02/12/2026 20:20:12,15.36
619,02/12/2026 20:30:12,15.31
620,02/12/2026 20:40:12,15.31
621,02/12/2026 20:50:12,15.31
622,02/12/2026 21:00:12,15.31
623,02/12/2026 21:10:12,15.31
624,02/12/2026 21:20:12,15.31
625,02/12/2026 21:30:12,15.31
626,02/12/2026 21:40:12,15.27
627,02/12/2026 21:50:12,15.31
628,02/12/2026 22:00:12,15.31
629,02/12/2026 22:10:12,15.31
630,02/12/2026 22:20:12,15.31
631,02/12/2026 22:30:12,15.31
632,02/12/2026 22:40:12,15.31
633,02/12/2026 22:50:12,15.36
634,02/12/2026 23:00:12,15.36
635,02/12/2026 23:10:12,15.36
636,02/12/2026 23:11:51,
637,02/12/2026 23:20:12,15.36
638,02/12/2026 23:30:12,15.36
639,02/12/2026 23:40:12,15.40
640,02/12/2026 23:50:12,15.40
641,02/13/2026 00:00:12,15.31
642,02/13/2026 00:10:12,15.40
643,02/13/2026 00:20:12,15.36
644,02/13/2026 00:30:12,15.36
645,02/13/2026 00:40:12,15.36
646,02/13/2026 00:50:12,15.36
647,02/13/2026 01:00:12,15.40
648,02/13/2026 01:10:12,15.31
649,02/13/2026 01:20:12,15.36
650,02/13/2026 01:30:12,15.36
651,02/13/2026 01:40:12,15.40
652,02/13/2026 01:50:12,15.40
653,02/13/2026 02:00:12,15.31
654,02/13/2026 02:10:12,15.31
655,02/13/2026 02:20:12,15.36
656,02/13/2026 02:30:12,15.31
657,02/13/2026 02:40:12,15.40
658,02/13/2026 02:50:12,15.36
659,02/13/2026 03:00:12,15.44
660,02/13/2026 03:10:12,15.40
661,02/13/2026 03:20:12,15.36
662,02/13/2026 03:30:12,15.36
663,02/13/2026 03:40:12,15.40
664,02/13/2026 03:50:12,15.40
665,02/13/2026 04:00:12,15.36
666,02/13/2026 04:10:12,15.40
667,02/13/2026 04:20:12,15.40
668,02/13/2026 04:30:12,15.40
669,02/13/2026 04:40:12,15.40
670,02/13/2026 04:50:12,15.40
671,02/13/2026 05:00:12,15.40
672,02/13/2026 05:10:12,15.40
673,02/13/2026 05:20:12,15.31
674,02/13/2026 05:30:12,15.40
675,02/13/2026 05:40:12,15.40
676,02/13/2026 05:50:12,15.40
677,02/13/2026 06:00:12,15.36
678,02/13/2026 06:10:12,15.40
679,02/13/2026 06:20:12,15.40
680,02/13/2026 06:30:12,15.31
681,02/13/2026 06:40:12,15.40
682,02/13/2026 06:50:12,15.40
683,02/13/2026 07:00:12,15.48
684,02/13/2026 07:10:12,15.57
685,02/13/2026 07:20:12,15.57
686,02/13/2026 07:30:12,15.53
687,02/13/2026 07:40:12,15.61
688,02/13/2026 07:50:12,15.61
689,02/13/2026 08:00:12,15.53
690,02/13/2026 08:10:12,15.48
691,02/13/2026 08:20:12,15.44
692,02/13/2026 08:30:12,15.48
693,02/13/2026 08:40:12,15.40
694,02/13/2026 08:50:12,15.40
695,02/13/2026 09:00:12,15.40
696,02/13/2026 09:10:12,15.40
697,02/13/2026 09:20:12,15.36
698,02/13/2026 09:30:12,15.31
699,02/13/2026 09:40:12,15.31
700,02/13/2026 09:50:12,15.31
701,02/13/2026 10:00:12,15.36
702,02/13/2026 10:10:12,15.31
703,02/13/2026 10:20:12,15.36
704,02/13/2026 10:30:12,15.31
705,02/13/2026 10:40:12,15.36
706,02/13/2026 10:50:12,15.31
707,02/13/2026 11:00:12,15.31
708,02/13/2026 11:10:12,15.31
709,02/13/2026 11:20:12,15.36
710,02/13/2026 11:30:12,15.31
711,02/13/2026 11:40:12,15.31
712,02/13/2026 11:50:12,15.31
713,02/13/2026 12:00:12,15.31
714,02/13/2026 12:10:12,15.31
715,02/13/2026 12:20:12,15.31
716,02/13/2026 12:30:12,15.31
717,02/13/2026 12:40:12,15.31
718,02/13/2026 12:50:12,15.36
719,02/13/2026 13:00:12,15.36
720,02/13/2026 13:10:12,15.36
721,02/13/2026 13:20:12,15.40
722,02/13/2026 13:30:12,15.40
723,02/13/2026 13:40:12,15.36
724,02/13/2026 13:50:12,15.36
725,02/13/2026 14:00:12,15.36
726,02/13/2026 14:10:12,15.36
727,02/13/2026 14:20:12,15.31
728,02/13/2026 14:30:12,15.31
729,02/13/2026 14:40:12,15.31
730,02/13/2026 14:50:12,15.36
731,02/13/2026 15:00:12,15.31
732,02/13/2026 15:10:12,15.31
733,02/13/2026 15:20:12,15.36
734,02/13/2026 15:30:12,15.31
735,02/13/2026 15:40:12,15.36
736,02/13/2026 15:50:12,15.36
737,02/13/2026 16:00:12,15.36
738,02/13/2026 16:10:12,15.31
739,02/13/2026 16:20:12,15.36
740,02/13/2026 16:30:12,15.31
741,02/13/2026 16:40:12,15.44
742,02/13/2026 16:50:12,15.61
743,02/13/2026 17:00:12,15.66
744,02/13/2026 17:10:12,15.57
745,02/13/2026 17:20:12,15.53
746,02/13/2026 17:30:12,15.36
747,02/13/2026 17:40:12,15.31
748,02/13/2026 17:50:12,15.31
749,02/13/2026 18:00:12,15.36
750,02/13/2026 18:10:12,15.31
751,02/13/2026 18:20:12,15.36
752,02/13/2026 18:30:12,15.31
753,02/13/2026 18:40:12,15.31
754,02/13/2026 18:50:12,15.31
755,02/13/2026 19:00:12,15.31
756,02/13/2026 19:10:12,15.27
757,02/13/2026 19:20:12,15.27
758,02/13/2026 19:30:12,15.31
759,02/13/2026 19:40:12,15.31
760,02/13/2026 19:50:12,15.31
761,02/13/2026 20:00:12,15.31
762,02/13/2026 20:10:12,15.31
763,02/13/2026 20:20:12,15.31
764,02/13/2026 20:30:12,15.36
765,02/13/2026 20:40:12,15.36
766,02/13/2026 20:50:12,15.36
767,02/13/2026 21:00:12,15.31
768,02/13/2026 21:10:12,15.36
769,02/13/2026 21:20:12,15.40
770,02/13/2026 21:30:12,15.40
771,02/13/2026 21:40:12,15.40
772,02/13/2026 21:50:12,15.40
773,02/13/2026 22:00:12,15.40
774,02/13/2026 22:10:12,15.36
775,02/13/2026 22:20:12,15.31
776,02/13/2026 22:30:12,15.44
777,02/13/2026 22:40:12,15.48
778,02/13/2026 22:50:12,15.48
779,02/13/2026 23:00:12,15.57
780,02/13/2026 23:10:12,15.57
781,02/13/2026 23:20:12,15.57
782,02/13/2026 23:30:12,15.44
783,02/13/2026 23:40:12,15.40
784,02/13/2026 23:50:12,15.36
785,02/14/2026 00:00:12,15.36
786,02/14/2026 00:10:12,15.40
787,02/14/2026 00:20:12,15.36
788,02/14/2026 00:30:12,15.53
789,02/14/2026 00:40:12,15.66
790,02/14/2026 00:50:12,15.66
791,02/14/2026 01:00:12,15.61
792,02/14/2026 01:10:12,15.57
793,02/14/2026 01:20:12,15.48
794,02/14/2026 01:30:12,15.44
795,02/14/2026 01:40:12,15.40
796,02/14/2026 01:50:12,15.40
797,02/14/2026 02:00:12,15.70
798,02/14/2026 02:10:12,15.61
799,02/14/2026 02:20:12,15.44
800,02/14/2026 02:30:12,15.40
801,02/14/2026 02:40:12,15.31
802,02/14/2026 02:50:12,15.36
803,02/14/2026 03:00:12,15.36
804,02/14/2026 03:10:12,15.36
805,02/14/2026 03:20:12,15.31
806,02/14/2026 03:30:12,15.36
807,02/14/2026 03:40:12,15.31
808,02/14/2026 03:50:12,15.31
809,02/14/2026 04:00:12,15.40
810,02/14/2026 04:10:12,15.31
811,02/14/2026 04:20:12,15.44
812,02/14/2026 04:30:12,15.44
813,02/14/2026 04:40:12,15.48
814,02/14/2026 04:50:12,15.44
815,02/14/2026 05:00:12,15.40
816,02/14/2026 05:10:12,15.36
817,02/14/2026 05:20:12,15.36
818,02/14/2026 05:30:12,15.31
819,02/14/2026 05:40:12,15.36
820,02/14/2026 05:50:12,15.40
821,02/14/2026 06:00:12,15.36
822,02/14/2026 06:10:12,15.48
823,02/14/2026 06:20:12,15.48
824,02/14/2026 06:30:12,15.44
825,02/14/2026 06:40:12,15.44
826,02/14/2026 06:50:12,15.36
827,02/14/2026 07:00:12,15.40
828,02/14/2026 07:10:12,15.44
829,02/14/2026 07:20:12,15.70
830,02/14/2026 07:30:12,15.83
831,02/14/2026 07:40:12,15.70
832,02/14/2026 07:50:12,15.44
833,02/14/2026 08:00:12,15.40
834,02/14/2026 08:10:12,15.40
835,02/14/2026 08:20:12,15.48
836,02/14/2026 08:30:12,15.48
837,02/14/2026 08:40:12,15.48
838,02/14/2026 08:50:12,15.44
839,02/14/2026 09:00:12,15.40
840,02/14/2026 09:10:12,15.36
841,02/14/2026 09:20:12,15.48
842,02/14/2026 09:30:12,15.40
843,02/14/2026 09:40:12,15.44
844,02/14/2026 09:50:12,15.31
845,02/14/2026 10:00:12,15.36
846,02/14/2026 10:10:12,15.36
847,02/14/2026 10:20:12,15.36
848,02/14/2026 10:30:12,15.40
849,02/14/2026 10:40:12,15.44
850,02/14/2026 10:50:12,15.36
851,02/14/2026 11:00:12,15.31
852,02/14/2026 11:10:12,15.36
853,02/14/2026 11:20:12,15.31
854,02/14/2026 11:30:12,15.44
855,02/14/2026 11:40:12,15.40
856,02/14/2026 11:50:12,15.40
857,02/14/2026 12:00:12,15.36
858,02/14/2026 12:10:12,15.36
859,02/14/2026 12:20:12,15.40
860,02/14/2026 12:30:12,15.40
861,02/14/2026 12:40:12,15.61
862,02/14/2026 12:50:12,15.48
863,02/14/2026 13:00:12,15.40
864,02/14/2026 13:10:12,15.40
865,02/14/2026 13:20:12,15.31
866,02/14/2026 13:30:12,15.36
867,02/14/2026 13:40:12,15.31
868,02/14/2026 13:50:12,15.44
869,02/14/2026 14:00:12,15.44
870,02/14/2026 14:10:12,15.48
871,02/14/2026 14:20:12,15.57
872,02/14/2026 14:30:12,15.70
873,02/14/2026 14:40:12,15.74
874,02/14/2026 14:50:12,15.57
875,02/14/2026 15:00:12,15.40
876,02/14/2026 15:10:12,15.40
877,02/14/2026 15:20:12,15.31
878,02/14/2026 15:30:12,15.31
879,02/14/2026 15:40:12,15.36
880,02/14/2026 15:50:12,15.44
881,02/14/2026 16:00:12,15.70
882,02/14/2026 16:10:12,15.74
883,02/14/2026 16:20:12,15.53
884,02/14/2026 16:30:12,15.36
885,02/14/2026 16:40:12,15.31
886,02/14/2026 16:50:12,15.27
887,02/14/2026 17:00:12,15.31
888,02/14/2026 17:10:12,15.36
889,02/14/2026 17:20:12,15.36
890,02/14/2026 17:30:12,15.36
891,02/14/2026 17:40:12,15.36
892,02/14/2026 17:50:12,15.36
893,02/14/2026 18:00:12,15.31
894,02/14/2026 18:10:12,15.44
895,02/14/2026 18:20:12,15.48
896,02/14/2026 18:30:12,15.44
897,02/14/2026 18:40:12,15.36
898,02/14/2026 18:50:12,15.40
899,02/14/2026 19:00:12,15.36
900,02/14/2026 19:10:12,15.31
901,02/14/2026 19:20:12,15.36
902,02/14/2026 19:30:12,15.53
903,02/14/2026 19:40:12,15.66
904,02/14/2026 19:50:12,15.48
905,02/14/2026 20:00:12,15.44
906,02/14/2026 20:10:12,15.36
907,02/14/2026 20:20:12,15.36
908,02/14/2026 20:30:12,15.36
909,02/14/2026 20:40:12,15.36
910,02/14/2026 20:50:12,15.36
911,02/14/2026 21:00:12,15.36
912,02/14/2026 21:10:12,15.36
913,02/14/2026 21:20:12,15.36
914,02/14/2026 21:30:12,15.48
915,02/14/2026 21:40:12,15.48
916,02/14/2026 21:50:12,15.44
917,02/14/2026 22:00:12,15.36
918,02/14/2026 22:10:12,15.40
919,02/14/2026 22:20:12,15.40
920,02/14/2026 22:30:12,15.40
921,02/14/2026 22:40:12,15.36
922,02/14/2026 22:50:12,15.44
923,02/14/2026 23:00:12,15.48
924,02/14/2026 23:10:12,15.44
925,02/14/2026 23:20:12,15.36
926,02/14/2026 23:30:12,15.36
927,02/14/2026 23:40:12,15.40
928,02/14/2026 23:50:12,15.31
929,02/15/2026 00:00:12,15.61
930,02/15/2026 00:10:12,15.66
931,02/15/2026 00:20:12,15.74
932,02/15/2026 00:30:12,15.57
933,02/15/2026 00:40:12,15.57
934,02/15/2026 00:50:12,15.44
935,02/15/2026 01:00:12,15.44
936,02/15/2026 01:10:12,15.44
937,02/15/2026 01:20:12,15.44
938,02/15/2026 01:30:12,15.44
939,02/15/2026 01:40:12,15.36
940,02/15/2026 01:50:12,15.36
941,02/15/2026 02:00:12,15.44
942,02/15/2026 02:10:12,15.48
943,02/15/2026 02:20:12,15.44
944,02/15/2026 02:30:12,15.44
945,02/15/2026 02:40:12,15.36
946,02/15/2026 02:50:12,15.40
947,02/15/2026 03:00:12,15.36
948,02/15/2026 03:10:12,15.44
949,02/15/2026 03:20:12,15.36
950,02/15/2026 03:30:12,15.36
951,02/15/2026 03:40:12,15.36
952,02/15/2026 03:50:12,15.31
953,02/15/2026 04:00:12,15.40
954,02/15/2026 04:10:12,15.40
955,02/15/2026 04:20:12,15.40
956,02/15/2026 04:30:12,15.40
957,02/15/2026 04:40:12,15.36
958,02/15/2026 04:50:12,15.31
959,02/15/2026 05:00:12,15.36
960,02/15/2026 05:10:12,15.36
961,02/15/2026 05:20:12,15.40
962,02/15/2026 05:30:12,15.36
963,02/15/2026 05:40:12,15.61
964,02/15/2026 05:50:12,15.70
965,02/15/2026 06:00:12,15.57
966,02/15/2026 06:10:12,15.44
967,02/15/2026 06:20:12,15.40
968,02/15/2026 06:30:12,15.44
969,02/15/2026 06:40:12,15.53
970,02/15/2026 06:50:12,15.57
971,02/15/2026 07:00:12,15.53
972,02/15/2026 07:10:12,15.53
973,02/15/2026 07:20:12,15.44
974,02/15/2026 07:30:12,15.48
975,02/15/2026 07:40:12,15.53
976,02/15/2026 07:50:12,15.57
977,02/15/2026 08:00:12,15.48
978,02/15/2026 08:10:12,15.44
979,02/15/2026 08:20:12,15.44
980,02/15/2026 08:30:12,15.48
981,02/15/2026 08:40:12,15.48
982,02/15/2026 08:50:12,15.48
983,02/15/2026 09:00:12,15.48
984,02/15/2026 09:10:12,15.44
985,02/15/2026 09:20:12,15.40
986,02/15/2026 09:30:12,15.40
987,02/15/2026 09:40:12,15.31
988,02/15/2026 09:50:12,15.44
989,02/15/2026 10:00:12,15.40
990,02/15/2026 10:10:12,15.44
991,02/15/2026 10:20:12,15.40
992,02/15/2026 10:30:12,15.40
993,02/15/2026 10:40:12,15.36
994,02/15/2026 10:50:12,15.44
995,02/15/2026 11:00:12,15.48
996,02/15/2026 11:10:12,15.44
997,02/15/2026 11:20:12,15.40
998,02/15/2026 11:30:12,15.44
999,02/15/2026 11:40:12,15.40
1000,02/15/2026 11:50:12,15.44
1001,02/15/2026 12:00:12,15.36
1002,02/15/2026 12:10:12,15.44
1003,02/15/2026 12:20:12,15.44
1004,02/15/2026 12:30:12,15.44
1005,02/15/2026 12:40:12,15.44
1006,02/15/2026 12:50:12,15.40
1007,02/15/2026 13:00:12,15.40
1008,02/15/2026 13:10:12,15.40
1009,02/15/2026 13:20:12,15.40
1010,02/15/2026 13:30:12,15.44
1011,02/15/2026 13:40:12,15.61
1012,02/15/2026 13:50:12,15.57
1013,02/15/2026 14:00:12,15.36
1014,02/15/2026 14:10:12,15.31
1015,02/15/2026 14:20:12,15.36
1016,02/15/2026 14:30:12,15.40
1017,02/15/2026 14:40:12,15.44
1018,02/15/2026 14:50:12,15.44
1019,02/15/2026 15:00:12,15.48
1020,02/15/2026 15:10:12,15.53
1021,02/15/2026 15:20:12,15.61
1022,02/15/2026 15:30:12,15.48
1023,02/15/2026 15:40:12,15.53
1024,02/15/2026 15:50:12,15.44
1025,02/15/2026 16:00:12,15.48
1026,02/15/2026 16:10:12,15.44
1027,02/15/2026 16:20:12,15.44
1028,02/15/2026 16:30:12,15.48
1029,02/15/2026 16:40:12,15.53
1030,02/15/2026 16:50:12,15.57
1031,02/15/2026 17:00:12,15.57
1032,02/15/2026 17:10:12,15.57
1033,02/15/2026 17:20:12,15.53
1034,02/15/2026 17:30:12,15.53
1035,02/15/2026 17:40:12,15.48
1036,02/15/2026 17:50:12,15.44
1037,02/15/2026 18:00:12,15.48
1038,02/15/2026 18:10:12,15.44
1039,02/15/2026 18:20:12,15.44
1040,02/15/2026 18:30:12,15.44
1041,02/15/2026 18:40:12,15.44
1042,02/15/2026 18:50:12,15.48
1043,02/15/2026 19:00:12,15.61
1044,02/15/2026 19:10:12,15.57
1045,02/15/2026 19:20:12,15.48
1046,02/15/2026 19:30:12,15.44
1047,02/15/2026 19:40:12,15.40
1048,02/15/2026 19:50:12,15.44
1049,02/15/2026 20:00:12,15.44
1050,02/15/2026 20:10:12,15.48
1051,02/15/2026 20:20:12,15.48
1052,02/15/2026 20:30:12,15.57
1053,02/15/2026 20:40:12,15.53
1054,02/15/2026 20:50:12,15.53
1055,02/15/2026 21:00:12,15.48
1056,02/15/2026 21:10:12,15.48
1057,02/15/2026 21:20:12,15.40
1058,02/15/2026 21:30:12,15.44
1059,02/15/2026 21:40:12,15.44
1060,02/15/2026 21:50:12,15.36
1061,02/15/2026 22:00:12,15.40
1062,02/15/2026 22:10:12,15.44
1063,02/15/2026 22:20:12,15.40
1064,02/15/2026 22:30:12,15.48
1065,02/15/2026 22:40:12,15.40
1066,02/15/2026 22:50:12,15.36
1067,02/15/2026 23:00:12,15.40
1068,02/15/2026 23:10:12,15.48
1069,02/15/2026 23:20:12,15.53
1070,02/15/2026 23:30:12,15.53
1071,02/15/2026 23:40:12,15.57
1072,02/15/2026 23:50:12,15.53
1073,02/16/2026 00:00:12,15.48
1074,02/16/2026 00:10:12,15.48
1075,02/16/2026 00:20:12,15.48
1076,02/16/2026 00:30:12,15.44
1077,02/16/2026 00:40:12,15.44
1078,02/16/2026 00:50:12,15.40
1079,02/16/2026 01:00:12,15.44
1080,02/16/2026 01:10:12,15.44
1081,02/16/2026 01:20:12,15.44
1082,02/16/2026 01:30:12,15.53
1083,02/16/2026 01:40:12,15.53
1084,02/16/2026 01:50:12,15.48
1085,02/16/2026 02:00:12,15.48
1086,02/16/2026 02:10:12,15.44
1087,02/16/2026 02:20:12,15.48
1088,02/16/2026 02:30:12,15.44
1089,02/16/2026 02:40:12,15.44
1090,02/16/2026 02:50:12,15.44
1091,02/16/2026 03:00:12,15.44
1092,02/16/2026 03:10:12,15.48
1093,02/16/2026 03:20:12,15.44
1094,02/16/2026 03:30:12,15.48
1095,02/16/2026 03:40:12,15.44
1096,02/16/2026 03:50:12,15.48
1097,02/16/2026 04:00:12,15.44
1098,02/16/2026 04:10:12,15.44
1099,02/16/2026 04:20:12,15.44
1100,02/16/2026 04:30:12,15.48
1101,02/16/2026 04:40:12,15.44
1102,02/16/2026 04:50:12,15.48
1103,02/16/2026 05:00:12,15.44
1104,02/16/2026 05:10:12,15.44
1105,02/16/2026 05:20:12,15.44
1106,02/16/2026 05:30:12,15.48
1107,02/16/2026 05:40:12,15.44
1108,02/16/2026 05:50:12,15.44
1109,02/16/2026 06:00:12,15.48
1110,02/16/2026 06:10:12,15.44
1111,02/16/2026 06:20:12,15.40
1112,02/16/2026 06:30:12,15.44
1113,02/16/2026 06:40:12,15.44
1114,02/16/2026 06:50:12,15.44
1115,02/16/2026 07:00:12,15.48
1116,02/16/2026 07:10:12,15.40
1117,02/16/2026 07:20:12,15.48
1118,02/16/2026 07:30:12,15.44
1119,02/16/2026 07:40:12,15.44
1120,02/16/2026 07:50:12,15.44
1121,02/16/2026 08:00:12,15.44
1122,02/16/2026 08:10:12,15.48
1123,02/16/2026 08:20:12,15.48
1124,02/16/2026 08:30:12,15.44
1125,02/16/2026 08:40:12,15.44
1126,02/16/2026 08:50:12,15.44
1127,02/16/2026 09:00:12,15.61
1128,02/16/2026 09:10:12,15.87
1129,02/16/2026 09:20:12,15.96
1130,02/16/2026 09:30:12,15.91
1131,02/16/2026 09:40:12,15.87
1132,02/16/2026 09:50:12,15.78
1133,02/16/2026 10:00:12,15.70
1134,02/16/2026 10:10:12,15.57
1135,02/16/2026 10:20:12,15.48
1136,02/16/2026 10:30:12,15.48
1137,02/16/2026 10:40:12,15.66
1138,02/16/2026 10:50:12,15.66
1139,02/16/2026 11:00:12,15.66
1140,02/16/2026 11:10:12,15.57
1141,02/16/2026 11:20:12,15.53
1142,02/16/2026 11:30:12,15.48
1143,02/16/2026 11:40:12,15.48
1144,02/16/2026 11:50:12,15.48
1145,02/16/2026 12:00:12,15.44
1146,02/16/2026 12:10:12,15.48
1147,02/16/2026 12:20:12,15.44
1148,02/16/2026 12:30:12,15.48
1149,02/16/2026 12:40:12,15.44
1150,02/16/2026 12:50:12,15.44
1151,02/16/2026 13:00:12,15.44
1152,02/16/2026 13:10:12,15.44
1153,02/16/2026 13:20:12,15.40
1154,02/16/2026 13:30:12,15.40
1155,02/16/2026 13:40:12,15.48
1156,02/16/2026 13:50:12,15.48
1157,02/16/2026 14:00:12,15.53
1158,02/16/2026 14:10:12,15.53
1159,02/16/2026 14:20:12,15.57
1160,02/16/2026 14:30:12,15.61
1161,02/16/2026 14:40:12,15.61
1162,02/16/2026 14:50:12,15.66
1163,02/16/2026 15:00:12,15.57
1164,02/16/2026 15:10:12,15.53
1165,02/16/2026 15:20:12,15.48
1166,02/16/2026 15:30:12,15.44
1167,02/16/2026 15:40:12,15.44
1168,02/16/2026 15:50:12,15.40
1169,02/16/2026 16:00:12,15.48
1170,02/16/2026 16:10:12,15.48
1171,02/16/2026 16:20:12,15.44
1172,02/16/2026 16:30:12,15.40
1173,02/16/2026 16:40:12,15.44
1174,02/16/2026 16:50:12,15.48
1175,02/16/2026 17:00:12,15.44
1176,02/16/2026 17:10:12,15.48
1177,02/16/2026 17:20:12,15.48
1178,02/16/2026 17:30:12,15.44
1179,02/16/2026 17:40:12,15.48
1180,02/16/2026 17:50:12,15.44
1181,02/16/2026 18:00:12,15.44
1182,02/16/2026 18:10:12,15.48
1183,02/16/2026 18:20:12,15.48
1184,02/16/2026 18:30:12,15.48
1185,02/16/2026 18:40:12,15.48
1186,02/16/2026 18:50:12,15.48
1187,02/16/2026 19:00:12,15.48
1188,02/16/2026 19:10:12,15.44
1189,02/16/2026 19:20:12,15.48
1190,02/16/2026 19:30:12,15.44
1191,02/16/2026 19:40:12,15.44
1192,02/16/2026 19:50:12,15.44
1193,02/16/2026 20:00:12,15.53
1194,02/16/2026 20:10:12,15.57
1195,02/16/2026 20:20:12,15.48
1196,02/16/2026 20:30:12,15.48
1197,02/16/2026 20:40:12,15.48
1198,02/16/2026 20:50:12,15.44
1199,02/16/2026 21:00:12,15.44
1200,02/16/2026 21:10:12,15.44
1201,02/16/2026 21:20:12,15.44
1202,02/16/2026 21:30:12,15.44
1203,02/16/2026 21:40:12,15.44
1204,02/16/2026 21:50:12,15.48
1205,02/16/2026 22:00:12,15.44
1206,02/16/2026 22:10:12,15.48
1207,02/16/2026 22:20:12,15.40
1208,02/16/2026 22:30:12,15.48
1209,02/16/2026 22:40:12,15.44
1210,02/16/2026 22:50:12,15.44
1211,02/16/2026 23:00:12,15.48
1212,02/16/2026 23:10:12,15.44
1213,02/16/2026 23:20:12,15.44
1214,02/16/2026 23:30:12,15.44
1215,02/16/2026 23:40:12,15.53
1216,02/16/2026 23:50:12,15.57
1217,02/17/2026 00:00:12,15.57
1218,02/17/2026 00:10:12,15.53
1219,02/17/2026 00:20:12,15.48
1220,02/17/2026 00:30:12,15.48
1221,02/17/2026 00:40:12,15.53
1222,02/17/2026 00:50:12,15.48
1223,02/17/2026 01:00:12,15.48
1224,02/17/2026 01:10:12,15.48
1225,02/17/2026 01:20:12,15.44
1226,02/17/2026 01:30:12,15.44
1227,02/17/2026 01:40:12,15.44
1228,02/17/2026 01:50:12,15.44
1229,02/17/2026 02:00:12,15.44
1230,02/17/2026 02:10:12,15.36
1231,02/17/2026 02:20:12,15.44
1232,02/17/2026 02:30:12,15.40
1233,02/17/2026 02:40:12,15.48
1234,02/17/2026 02:50:12,15.40
1235,02/17/2026 03:00:12,15.40
1236,02/17/2026 03:10:12,15.44
1237,02/17/2026 03:20:12,15.40
1238,02/17/2026 03:30:12,15.44
1239,02/17/2026 03:40:12,15.44
1240,02/17/2026 03:50:12,15.40
1241,02/17/2026 04:00:12,15.40
1242,02/17/2026 04:10:12,15.44
1243,02/17/2026 04:20:12,15.44
1244,02/17/2026 04:30:12,15.44
1245,02/17/2026 04:40:12,15.44
1246,02/17/2026 04:50:12,15.44
1247,02/17/2026 05:00:12,15.44
1248,02/17/2026 05:10:12,15.40
1249,02/17/2026 05:20:12,15.44
1250,02/17/2026 05:30:12,15.44
1251,02/17/2026 05:40:12,15.40
1252,02/17/2026 05:50:12,15.44
1253,02/17/2026 06:00:12,15.44
1254,02/17/2026 06:10:12,15.44
1255,02/17/2026 06:20:12,15.40
1256,02/17/2026 06:30:12,15.40
1257,02/17/2026 06:40:12,15.44
1258,02/17/2026 06:50:12,15.44
1259,02/17/2026 07:00:12,15.44
1260,02/17/2026 07:10:12,15.44
1261,02/17/2026 07:20:12,15.48
1262,02/17/2026 07:30:12,15.48
1263,02/17/2026 07:40:12,15.48
1264,02/17/2026 07:50:12,15.44
1265,02/17/2026 08:00:12,15.44
1266,02/17/2026 08:10:12,15.44
1267,02/17/2026 08:20:12,15.48
1268,02/17/2026 08:30:12,15.44
1269,02/17/2026 08:40:12,15.40
1270,02/17/2026 08:50:12,15.48
1271,02/17/2026 09:00:12,15.48
1272,02/17/2026 09:10:12,15.48
1273,02/17/2026 09:20:12,15.53
1274,02/17/2026 09:30:12,15.57
1275,02/17/2026 09:40:12,15.57
1276,02/17/2026 09:50:12,15.53
1277,02/17/2026 10:00:12,15.61
1278,02/17/2026 10:10:12,15.57
1279,02/17/2026 10:20:12,15.53
1280,02/17/2026 10:30:12,15.53
1281,02/17/2026 10:40:12,15.57
1282,02/17/2026 10:50:12,15.48
1283,02/17/2026 11:00:12,15.53
1284,02/17/2026 11:10:12,15.48
1285,02/17/2026 11:20:12,15.44
1286,02/17/2026 11:30:12,15.48
1287,02/17/2026 11:40:12,15.44
1288,02/17/2026 11:50:12,15.48
1289,02/17/2026 12:00:12,15.48
1290,02/17/2026 12:10:12,15.48
1291,02/17/2026 12:20:12,15.48
1292,02/17/2026 12:30:12,15.48
1293,02/17/2026 12:40:12,15.48
1294,02/17/2026 12:50:12,15.48
1295,02/17/2026 13:00:12,15.48
1296,02/17/2026 13:10:12,15.48
1297,02/17/2026 13:20:12,15.44
1298,02/17/2026 13:30:12,15.48
1299,02/17/2026 13:40:12,15.44
1300,02/17/2026 13:50:12,15.48
1301,02/17/2026 14:00:12,15.44
1302,02/17/2026 14:10:12,15.44
1303,02/17/2026 14:20:12,15.44
1304,02/17/2026 14:30:12,15.44
1305,02/17/2026 14:40:12,15.44
1306,02/17/2026 14:50:12,15.44
1307,02/17/2026 15:00:12,15.40
1308,02/17/2026 15:10:12,15.48
1309,02/17/2026 15:20:12,15.53
1310,02/17/2026 15:30:12,15.48
1311,02/17/2026 15:40:12,15.44
1312,02/17/2026 15:50:12,15.44
1313,02/17/2026 16:00:12,15.44
1314,02/17/2026 16:10:12,15.44
1315,02/17/2026 16:20:12,15.44
1316,02/17/2026 16:30:12,15.40
1317,02/17/2026 16:40:12,15.44
1318,02/17/2026 16:50:12,15.44
1319,02/17/2026 17:00:12,15.48
1320,02/17/2026 17:10:12,15.44
1321,02/17/2026 17:20:12,15.44
1322,02/17/2026 17:30:12,15.48
1323,02/17/2026 17:37:38,
1324,02/17/2026 17:40:07,
1325,02/17/2026 17:40:12,15.83
